-- Seed data for bookshelf template: genres, validation actions, shelves, settings

-- Item types (bookshelf: Fiction, Non-Fiction, Science Fiction, Biography, Self-Help)
INSERT OR IGNORE INTO `item_types` (`id`, `name`, `description`, `color`, `icon`, `guidance`, `is_system`, `sort_order`, `created_at`, `updated_at`) VALUES ('d6b74142-2c53-43d4-8da0-0b30e7f5ed93', 'Fiction', 'Novels, short stories, and literary fiction', '#8B5CF6', '📖', '{"pattern":"[Book title] — [Author name]","example":"The Remains of the Day — Kazuo Ishiguro","whenToUse":"Use for novels, novellas, short story collections, and literary fiction","contentHints":"Write a spoiler-free review. Cover what the book is about, your experience reading it, and who would enjoy it. Include a rating and favorite quotes."}', 1, 0, '2026-03-27T01:22:43.367Z', '2026-03-27T01:22:43.367Z');
INSERT OR IGNORE INTO `type_actions` (`id`, `type_id`, `label`, `sort_order`, `created_at`) VALUES ('1b37c594-8461-41f5-8202-386c74ef6a54', 'd6b74142-2c53-43d4-8da0-0b30e7f5ed93', 'Read', 0, '2026-03-27T01:22:43.367Z');
INSERT OR IGNORE INTO `type_actions` (`id`, `type_id`, `label`, `sort_order`, `created_at`) VALUES ('9956d0c7-1e36-4584-8f9d-33e883f7bd1a', 'd6b74142-2c53-43d4-8da0-0b30e7f5ed93', 'Currently Reading', 1, '2026-03-27T01:22:43.367Z');
INSERT OR IGNORE INTO `type_actions` (`id`, `type_id`, `label`, `sort_order`, `created_at`) VALUES ('cf24ded9-c585-4eb7-8610-1ac84d883549', 'd6b74142-2c53-43d4-8da0-0b30e7f5ed93', 'Want to Read', 2, '2026-03-27T01:22:43.367Z');
INSERT OR IGNORE INTO `type_actions` (`id`, `type_id`, `label`, `sort_order`, `created_at`) VALUES ('f6b11b5a-b749-4d6c-8a97-39a13e0a4762', 'd6b74142-2c53-43d4-8da0-0b30e7f5ed93', 'Abandoned', 3, '2026-03-27T01:22:43.367Z');
INSERT OR IGNORE INTO `item_types` (`id`, `name`, `description`, `color`, `icon`, `guidance`, `is_system`, `sort_order`, `created_at`, `updated_at`) VALUES ('5407a53f-9b94-49c5-8ee5-04984656bf95', 'Non-Fiction', 'Essays, journalism, history, and general non-fiction', '#3B82F6', '📰', '{"pattern":"[Book title] — [Author name]","example":"Sapiens: A Brief History of Humankind — Yuval Noah Harari","whenToUse":"Use for non-fiction books including history, science, essays, and journalism","contentHints":"Summarize the central thesis. List 3-5 key takeaways. Note whether the arguments are well-supported and who the target audience is."}', 1, 1, '2026-03-27T01:22:43.367Z', '2026-03-27T01:22:43.367Z');
INSERT OR IGNORE INTO `type_actions` (`id`, `type_id`, `label`, `sort_order`, `created_at`) VALUES ('575ed57f-a64f-4d07-8054-a23a3a985e91', '5407a53f-9b94-49c5-8ee5-04984656bf95', 'Read', 0, '2026-03-27T01:22:43.367Z');
INSERT OR IGNORE INTO `type_actions` (`id`, `type_id`, `label`, `sort_order`, `created_at`) VALUES ('aae8056b-1088-4fde-8d75-899e164852d0', '5407a53f-9b94-49c5-8ee5-04984656bf95', 'Currently Reading', 1, '2026-03-27T01:22:43.367Z');
INSERT OR IGNORE INTO `type_actions` (`id`, `type_id`, `label`, `sort_order`, `created_at`) VALUES ('20ae63cb-d033-485d-88d9-630f5bb2b47f', '5407a53f-9b94-49c5-8ee5-04984656bf95', 'Want to Read', 2, '2026-03-27T01:22:43.367Z');
INSERT OR IGNORE INTO `type_actions` (`id`, `type_id`, `label`, `sort_order`, `created_at`) VALUES ('c1244c1d-3d82-4ed4-8d62-007abdddf70b', '5407a53f-9b94-49c5-8ee5-04984656bf95', 'Abandoned', 3, '2026-03-27T01:22:43.367Z');
INSERT OR IGNORE INTO `item_types` (`id`, `name`, `description`, `color`, `icon`, `guidance`, `is_system`, `sort_order`, `created_at`, `updated_at`) VALUES ('6e5b8976-530e-4424-8912-020281e9fcd0', 'Science Fiction', 'Sci-fi, speculative fiction, and futurism', '#0EA5E9', '🚀', '{"pattern":"[Book title] — [Author name]","example":"Project Hail Mary — Andy Weir","whenToUse":"Use for science fiction, speculative fiction, space opera, and cyberpunk","contentHints":"Describe the premise and world-building without major spoilers. Discuss the scientific concepts explored and how they drive the story."}', 1, 2, '2026-03-27T01:22:43.367Z', '2026-03-27T01:22:43.367Z');
INSERT OR IGNORE INTO `type_actions` (`id`, `type_id`, `label`, `sort_order`, `created_at`) VALUES ('e5e5778a-afd6-496f-8e41-58e9fe0daf48', '6e5b8976-530e-4424-8912-020281e9fcd0', 'Read', 0, '2026-03-27T01:22:43.367Z');
INSERT OR IGNORE INTO `type_actions` (`id`, `type_id`, `label`, `sort_order`, `created_at`) VALUES ('71347405-7ebf-420a-8721-c3ea99f01696', '6e5b8976-530e-4424-8912-020281e9fcd0', 'Currently Reading', 1, '2026-03-27T01:22:43.367Z');
INSERT OR IGNORE INTO `type_actions` (`id`, `type_id`, `label`, `sort_order`, `created_at`) VALUES ('464b7e33-9694-4c5d-865f-818172d1ad8f', '6e5b8976-530e-4424-8912-020281e9fcd0', 'Want to Read', 2, '2026-03-27T01:22:43.367Z');
INSERT OR IGNORE INTO `type_actions` (`id`, `type_id`, `label`, `sort_order`, `created_at`) VALUES ('78763eef-a02a-46eb-84e3-f5c96379cce1', '6e5b8976-530e-4424-8912-020281e9fcd0', 'Abandoned', 3, '2026-03-27T01:22:43.367Z');
INSERT OR IGNORE INTO `item_types` (`id`, `name`, `description`, `color`, `icon`, `guidance`, `is_system`, `sort_order`, `created_at`, `updated_at`) VALUES ('bc8bd4bc-5e7f-4eb8-8120-cc3ffb798005', 'Biography', 'Biographies, memoirs, and autobiographies', '#10B981', '👤', '{"pattern":"[Book title] — [Author or Subject name]","example":"Steve Jobs — Walter Isaacson","whenToUse":"Use for biographies, autobiographies, and memoir","contentHints":"Discuss what makes the subject compelling. Note the author''s access and perspective. Highlight the most memorable episodes or revelations."}', 1, 3, '2026-03-27T01:22:43.367Z', '2026-03-27T01:22:43.367Z');
INSERT OR IGNORE INTO `type_actions` (`id`, `type_id`, `label`, `sort_order`, `created_at`) VALUES ('e5301d7e-8ac8-4dd0-8e6e-bd09f103f111', 'bc8bd4bc-5e7f-4eb8-8120-cc3ffb798005', 'Read', 0, '2026-03-27T01:22:43.367Z');
INSERT OR IGNORE INTO `type_actions` (`id`, `type_id`, `label`, `sort_order`, `created_at`) VALUES ('03537725-27e6-4703-8994-8fcd68184bad', 'bc8bd4bc-5e7f-4eb8-8120-cc3ffb798005', 'Currently Reading', 1, '2026-03-27T01:22:43.367Z');
INSERT OR IGNORE INTO `type_actions` (`id`, `type_id`, `label`, `sort_order`, `created_at`) VALUES ('8c102cd7-9b28-41db-8480-d6fa74b207a6', 'bc8bd4bc-5e7f-4eb8-8120-cc3ffb798005', 'Want to Read', 2, '2026-03-27T01:22:43.367Z');
INSERT OR IGNORE INTO `type_actions` (`id`, `type_id`, `label`, `sort_order`, `created_at`) VALUES ('3f56fc87-825b-449d-8730-55ff74258e8f', 'bc8bd4bc-5e7f-4eb8-8120-cc3ffb798005', 'Abandoned', 3, '2026-03-27T01:22:43.367Z');
INSERT OR IGNORE INTO `item_types` (`id`, `name`, `description`, `color`, `icon`, `guidance`, `is_system`, `sort_order`, `created_at`, `updated_at`) VALUES ('10e82cfe-d3e9-4e73-8dbe-b2f97fe6ae3f', 'Self-Help', 'Personal development, productivity, and wellness', '#F59E0B', '🧠', '{"pattern":"[Book title] — [Author name]","example":"Atomic Habits — James Clear","whenToUse":"Use for self-help, personal development, productivity, and wellness books","contentHints":"Summarize the core framework or system. List actionable takeaways you plan to apply. Note whether the advice is evidence-based or anecdotal."}', 1, 4, '2026-03-27T01:22:43.367Z', '2026-03-27T01:22:43.367Z');
INSERT OR IGNORE INTO `type_actions` (`id`, `type_id`, `label`, `sort_order`, `created_at`) VALUES ('0ca107a3-7ce4-4035-8b15-634de4529eae', '10e82cfe-d3e9-4e73-8dbe-b2f97fe6ae3f', 'Read', 0, '2026-03-27T01:22:43.367Z');
INSERT OR IGNORE INTO `type_actions` (`id`, `type_id`, `label`, `sort_order`, `created_at`) VALUES ('469fd909-800c-4b04-870c-ef66fdb24d6d', '10e82cfe-d3e9-4e73-8dbe-b2f97fe6ae3f', 'Currently Reading', 1, '2026-03-27T01:22:43.367Z');
INSERT OR IGNORE INTO `type_actions` (`id`, `type_id`, `label`, `sort_order`, `created_at`) VALUES ('89030910-fdfd-4308-8629-41890a548721', '10e82cfe-d3e9-4e73-8dbe-b2f97fe6ae3f', 'Want to Read', 2, '2026-03-27T01:22:43.367Z');
INSERT OR IGNORE INTO `type_actions` (`id`, `type_id`, `label`, `sort_order`, `created_at`) VALUES ('195c1c34-9fd7-41cc-865d-e6943c0ea056', '10e82cfe-d3e9-4e73-8dbe-b2f97fe6ae3f', 'Abandoned', 3, '2026-03-27T01:22:43.367Z');

-- Shelves (bookshelf)
INSERT OR IGNORE INTO `workspaces` (`id`, `name`, `description`, `visibility`, `is_default`, `created_at`, `updated_at`) VALUES ('68eecfe1-4ec7-4c79-8fcf-ef35e224e4ef', 'Currently Reading', 'Books in progress right now', 'public', 1, '2026-03-27T01:22:43.367Z', '2026-03-27T01:22:43.367Z');
INSERT OR IGNORE INTO `workspaces` (`id`, `name`, `description`, `visibility`, `is_default`, `created_at`, `updated_at`) VALUES ('894f5996-e63c-46f5-8f0b-298906c35643', 'Finished', 'Completed books with reviews', 'public', 0, '2026-03-27T01:22:43.367Z', '2026-03-27T01:22:43.367Z');
INSERT OR IGNORE INTO `workspaces` (`id`, `name`, `description`, `visibility`, `is_default`, `created_at`, `updated_at`) VALUES ('75b0de02-f941-4274-8e7a-8f9ad21cd900', 'Want to Read', 'Reading list and recommendations queue', 'public', 0, '2026-03-27T01:22:43.367Z', '2026-03-27T01:22:43.367Z');
INSERT OR IGNORE INTO `workspaces` (`id`, `name`, `description`, `visibility`, `is_default`, `created_at`, `updated_at`) VALUES ('1ac595f2-f958-4059-86fe-fb28c28ad0a1', 'All-Time Favorites', 'The best books worth rereading', 'public', 0, '2026-03-27T01:22:43.367Z', '2026-03-27T01:22:43.367Z');

-- bookshelf-specific settings
INSERT OR IGNORE INTO `settings` (`key`, `value`, `updated_at`) VALUES ('source_title', 'My Bookshelf', datetime('now'));
INSERT OR IGNORE INTO `settings` (`key`, `value`, `updated_at`) VALUES ('source_description', 'Books read, reviewed, and recommended', datetime('now'));
INSERT OR IGNORE INTO `settings` (`key`, `value`, `updated_at`) VALUES ('quality_guidelines', '{"keySummary":{"tips":"Use the book title followed by the author name. Example: \"The Remains of the Day — Kazuo Ishiguro\". Keep it consistent for easy scanning."},"content":{"tips":"Write a review that helps someone decide whether to read this book. Include a brief summary, your reaction, key takeaways, and a rating."},"formatting":["Headings: separate Summary, Review, Key Takeaways, and Favorite Quotes sections","Bullet lists: key takeaways, themes, or discussion questions","Blockquotes: favorite passages and memorable quotes","Bold: highlight rating, page count, and publication year","Paragraphs: personal reaction and recommendation context"],"avoid":["Major plot spoilers without warning","Reviews without a clear recommendation or rating","Omitting the author name from the title","Copy-pasting publisher blurbs instead of personal review"]}', datetime('now'));
INSERT OR IGNORE INTO `settings` (`key`, `value`, `updated_at`) VALUES ('validation_limits', '{"keySummary":{"min":10,"max":200},"content":{"min":50,"max":10000},"sourceAi":{"min":1,"max":100}}', datetime('now'));

-- Site actions (bookshelf)
INSERT OR IGNORE INTO `site_actions` (`id`, `name`, `slug`, `description`, `fields`, `settings`, `status`, `created_at`, `updated_at`) VALUES ('47819333-2113-4e90-8b8f-5c8f7ae47e45', 'Book Recommendation', 'book-recommendation', 'Recommend a book to add to the shelf', '[{"name":"name","type":"text","label":"Your Name","required":true,"placeholder":"Your name","maxLength":100},{"name":"email","type":"email","label":"Email","required":true,"placeholder":"you@example.com"},{"name":"book_title","type":"text","label":"Book Title","required":true,"placeholder":"Title of the book","maxLength":200},{"name":"author","type":"text","label":"Author","required":true,"placeholder":"Author name","maxLength":200},{"name":"why","type":"textarea","label":"Why do you recommend it?","required":true,"placeholder":"What makes this book worth reading?","maxLength":2000}]', '{"success_message":"Thanks for the recommendation! We''ll check it out and consider adding it to the shelf.","require_honeypot":true}', 'active', '2026-03-27T01:22:43.367Z', '2026-03-27T01:22:43.367Z');
