-- Seed data for changelog template: change types, validation actions, products, settings

-- Item types (changelog: Feature, Bug Fix, Breaking Change, Improvement, Deprecation)
INSERT OR IGNORE INTO `item_types` (`id`, `name`, `description`, `color`, `icon`, `guidance`, `is_system`, `sort_order`, `created_at`, `updated_at`) VALUES ('c5e74762-b53c-47ab-8a69-502ab76971a7', 'Feature', 'New capability or enhancement', '#10B981', '✨', '{"pattern":"[Added/Introduced] + [capability] + [for whom or why]","example":"Added dark mode toggle to the settings page for improved accessibility","whenToUse":"Use when shipping a new capability, UI addition, or user-facing enhancement","contentHints":"Describe what changed, how users access it, and any migration steps. Screenshots or before/after comparisons work well."}', 1, 0, '2026-03-20T09:03:13.866Z', '2026-03-20T09:03:13.866Z');
INSERT OR IGNORE INTO `type_actions` (`id`, `type_id`, `label`, `sort_order`, `created_at`) VALUES ('1e1db390-9789-4e58-87e3-a226ce0c880f', 'c5e74762-b53c-47ab-8a69-502ab76971a7', 'Shipped', 0, '2026-03-20T09:03:13.866Z');
INSERT OR IGNORE INTO `type_actions` (`id`, `type_id`, `label`, `sort_order`, `created_at`) VALUES ('7d74052f-64dc-4583-83f2-f2488fe45731', 'c5e74762-b53c-47ab-8a69-502ab76971a7', 'Reverted', 1, '2026-03-20T09:03:13.866Z');
INSERT OR IGNORE INTO `type_actions` (`id`, `type_id`, `label`, `sort_order`, `created_at`) VALUES ('6b91d7fc-11d2-4791-8058-fcd34a4f4d65', 'c5e74762-b53c-47ab-8a69-502ab76971a7', 'Partial', 2, '2026-03-20T09:03:13.866Z');
INSERT OR IGNORE INTO `item_types` (`id`, `name`, `description`, `color`, `icon`, `guidance`, `is_system`, `sort_order`, `created_at`, `updated_at`) VALUES ('a4e35c1f-1bfe-409d-86fe-7ced47c02331', 'Bug Fix', 'Correction of incorrect behavior', '#F59E0B', '🐛', '{"pattern":"[Fixed] + [what was broken] + [root cause]","example":"Fixed login timeout on slow connections caused by missing retry logic","whenToUse":"Use when correcting a defect, regression, or incorrect behavior","contentHints":"Describe the symptom, root cause, and what was changed. Reference issue numbers if applicable."}', 1, 1, '2026-03-20T09:03:13.866Z', '2026-03-20T09:03:13.866Z');
INSERT OR IGNORE INTO `type_actions` (`id`, `type_id`, `label`, `sort_order`, `created_at`) VALUES ('acfed191-f71e-42bc-84bd-799c4a2a4c0a', 'a4e35c1f-1bfe-409d-86fe-7ced47c02331', 'Verified', 0, '2026-03-20T09:03:13.866Z');
INSERT OR IGNORE INTO `type_actions` (`id`, `type_id`, `label`, `sort_order`, `created_at`) VALUES ('123cb2d9-0a30-4056-8a46-6f632492f85f', 'a4e35c1f-1bfe-409d-86fe-7ced47c02331', 'Regressed', 1, '2026-03-20T09:03:13.866Z');
INSERT OR IGNORE INTO `type_actions` (`id`, `type_id`, `label`, `sort_order`, `created_at`) VALUES ('50cb0ae3-eb9a-4635-8017-8f5194c4b344', 'a4e35c1f-1bfe-409d-86fe-7ced47c02331', 'Workaround', 2, '2026-03-20T09:03:13.866Z');
INSERT OR IGNORE INTO `item_types` (`id`, `name`, `description`, `color`, `icon`, `guidance`, `is_system`, `sort_order`, `created_at`, `updated_at`) VALUES ('e24b9191-0d25-46c0-8fb2-a0acf876db79', 'Breaking Change', 'Incompatible change requiring user action', '#EF4444', '💥', '{"pattern":"[Breaking] + [what changed] + [migration path]","example":"Breaking: Renamed /api/v1/users to /api/v2/accounts — update all client references","whenToUse":"Use when a change requires users to update their code, config, or workflow","contentHints":"Clearly state what breaks, who is affected, the migration path, and a deadline if applicable. Use a diff block for code changes."}', 1, 2, '2026-03-20T09:03:13.866Z', '2026-03-20T09:03:13.866Z');
INSERT OR IGNORE INTO `type_actions` (`id`, `type_id`, `label`, `sort_order`, `created_at`) VALUES ('148e7729-1d22-480b-8f38-0db080c63dbd', 'e24b9191-0d25-46c0-8fb2-a0acf876db79', 'Migrated', 0, '2026-03-20T09:03:13.866Z');
INSERT OR IGNORE INTO `type_actions` (`id`, `type_id`, `label`, `sort_order`, `created_at`) VALUES ('7fc84ca1-181c-42fc-8e16-0c6a55e8294b', 'e24b9191-0d25-46c0-8fb2-a0acf876db79', 'Blocked', 1, '2026-03-20T09:03:13.866Z');
INSERT OR IGNORE INTO `type_actions` (`id`, `type_id`, `label`, `sort_order`, `created_at`) VALUES ('63f4f4ed-861d-497f-8185-fc9097dfc6bc', 'e24b9191-0d25-46c0-8fb2-a0acf876db79', 'Deferred', 2, '2026-03-20T09:03:13.866Z');
INSERT OR IGNORE INTO `item_types` (`id`, `name`, `description`, `color`, `icon`, `guidance`, `is_system`, `sort_order`, `created_at`, `updated_at`) VALUES ('41bb2cf9-c8d5-476d-825e-07a9ae6ac0ad', 'Improvement', 'Enhancement to existing functionality', '#3B82F6', '📈', '{"pattern":"[Improved/Optimized] + [what] + [measurable outcome]","example":"Improved dashboard load time by 40% through query batching","whenToUse":"Use for performance gains, UX polish, or quality-of-life refinements to existing features","contentHints":"Include before/after metrics where possible. Describe the approach and any tradeoffs."}', 1, 3, '2026-03-20T09:03:13.866Z', '2026-03-20T09:03:13.866Z');
INSERT OR IGNORE INTO `type_actions` (`id`, `type_id`, `label`, `sort_order`, `created_at`) VALUES ('82ac9dde-13b1-4c30-8601-ba5d4b3f93d1', '41bb2cf9-c8d5-476d-825e-07a9ae6ac0ad', 'Confirmed', 0, '2026-03-20T09:03:13.866Z');
INSERT OR IGNORE INTO `type_actions` (`id`, `type_id`, `label`, `sort_order`, `created_at`) VALUES ('489ae4d6-2286-4658-8a6d-6896bcccab89', '41bb2cf9-c8d5-476d-825e-07a9ae6ac0ad', 'Negligible', 1, '2026-03-20T09:03:13.866Z');
INSERT OR IGNORE INTO `type_actions` (`id`, `type_id`, `label`, `sort_order`, `created_at`) VALUES ('71c7aa57-8014-41c8-8174-e311ffc4f4c4', '41bb2cf9-c8d5-476d-825e-07a9ae6ac0ad', 'Mixed', 2, '2026-03-20T09:03:13.866Z');
INSERT OR IGNORE INTO `item_types` (`id`, `name`, `description`, `color`, `icon`, `guidance`, `is_system`, `sort_order`, `created_at`, `updated_at`) VALUES ('ba7edb80-bf03-44ea-8dd4-ae8380830b80', 'Deprecation', 'Feature scheduled for removal', '#8B5CF6', '⚠️', '{"pattern":"[Deprecated] + [what] + [replacement and timeline]","example":"Deprecated legacy webhook format — switch to v2 events by March 2026","whenToUse":"Use when a feature or API is being phased out with a defined timeline","contentHints":"State what is deprecated, the replacement, the removal date, and migration steps. Link to migration docs."}', 1, 4, '2026-03-20T09:03:13.866Z', '2026-03-20T09:03:13.866Z');
INSERT OR IGNORE INTO `type_actions` (`id`, `type_id`, `label`, `sort_order`, `created_at`) VALUES ('a417a605-1db7-4104-891c-ecf7be1ae50a', 'ba7edb80-bf03-44ea-8dd4-ae8380830b80', 'Acknowledged', 0, '2026-03-20T09:03:13.866Z');
INSERT OR IGNORE INTO `type_actions` (`id`, `type_id`, `label`, `sort_order`, `created_at`) VALUES ('8197124c-46be-41c5-8a7f-675e98186375', 'ba7edb80-bf03-44ea-8dd4-ae8380830b80', 'Blocked', 1, '2026-03-20T09:03:13.866Z');
INSERT OR IGNORE INTO `type_actions` (`id`, `type_id`, `label`, `sort_order`, `created_at`) VALUES ('68f23451-88ae-4d23-89c7-5c865448e98e', 'ba7edb80-bf03-44ea-8dd4-ae8380830b80', 'Extended', 2, '2026-03-20T09:03:13.866Z');

-- Products (changelog)
INSERT OR IGNORE INTO `workspaces` (`id`, `name`, `description`, `visibility`, `is_default`, `created_at`, `updated_at`) VALUES ('a36248e2-2bcb-4071-80d0-4d91be19b2e2', 'Core Platform', 'Core application and infrastructure', 'public', 1, '2026-03-20T09:03:13.866Z', '2026-03-20T09:03:13.866Z');
INSERT OR IGNORE INTO `workspaces` (`id`, `name`, `description`, `visibility`, `is_default`, `created_at`, `updated_at`) VALUES ('2dfb51ac-edaf-4482-8947-5a1503ee8ab9', 'API', 'Public API and integrations', 'public', 1, '2026-03-20T09:03:13.866Z', '2026-03-20T09:03:13.866Z');
INSERT OR IGNORE INTO `workspaces` (`id`, `name`, `description`, `visibility`, `is_default`, `created_at`, `updated_at`) VALUES ('5d086982-eb9c-4509-8ef8-557ee07b0225', 'Dashboard', 'Web dashboard and admin UI', 'public', 1, '2026-03-20T09:03:13.866Z', '2026-03-20T09:03:13.866Z');
INSERT OR IGNORE INTO `workspaces` (`id`, `name`, `description`, `visibility`, `is_default`, `created_at`, `updated_at`) VALUES ('b6166794-e0bd-49bb-8fae-7cf8507fdc48', 'Mobile App', 'iOS and Android applications', 'public', 1, '2026-03-20T09:03:13.866Z', '2026-03-20T09:03:13.866Z');

-- changelog-specific settings
INSERT OR IGNORE INTO `settings` (`key`, `value`, `updated_at`) VALUES ('source_title', 'My Changelog', datetime('now'));
INSERT OR IGNORE INTO `settings` (`key`, `value`, `updated_at`) VALUES ('source_description', 'Release notes and change history', datetime('now'));
INSERT OR IGNORE INTO `settings` (`key`, `value`, `updated_at`) VALUES ('quality_guidelines', '{"keySummary":{"tips":"Lead with the action verb (Added, Fixed, Breaking, Improved, Deprecated). Be specific about what changed."},"content":{"tips":"Write for users who need to know if this change affects them. Include migration steps for breaking changes."},"formatting":["Bullet lists: group related sub-changes within a release","Code blocks: API changes, config diffs, migration commands","Tables: before/after comparisons for breaking changes","Bold: highlight the action verb and affected component","Headings: separate Description, Migration, and Impact sections"],"avoid":["Internal jargon that users cannot act on","Vague descriptions like \"various improvements\"","Missing migration steps for breaking changes"]}', datetime('now'));
INSERT OR IGNORE INTO `settings` (`key`, `value`, `updated_at`) VALUES ('validation_limits', '{"keySummary":{"min":10,"max":200},"content":{"min":50,"max":10000},"sourceAi":{"min":1,"max":100}}', datetime('now'));
