-- Seed data for course template: modules, validation actions, tracks, settings

-- Item types (course: Fundamentals, Intermediate, Advanced, Workshop, Assessment)
INSERT OR IGNORE INTO `item_types` (`id`, `name`, `description`, `color`, `icon`, `guidance`, `is_system`, `sort_order`, `created_at`, `updated_at`) VALUES ('8653dd21-15d5-414e-8150-1abc3fd4f5fa', 'Fundamentals', 'Core concepts and foundational knowledge', '#3B82F6', '🧱', '{"pattern":"[Lesson number]. [Topic] — [What the learner will understand]","example":"1. Variables and Types — Understanding how JavaScript stores data","whenToUse":"Use for introductory lessons that establish foundational knowledge","contentHints":"Start with learning objectives. Introduce one concept at a time with clear examples. Include practice exercises at the end. Use code blocks for all code samples."}', 1, 0, '2026-03-27T01:22:45.942Z', '2026-03-27T01:22:45.942Z');
INSERT OR IGNORE INTO `type_actions` (`id`, `type_id`, `label`, `sort_order`, `created_at`) VALUES ('812e1c3d-96c7-4f05-860b-e6fd48e48525', '8653dd21-15d5-414e-8150-1abc3fd4f5fa', 'Clear', 0, '2026-03-27T01:22:45.942Z');
INSERT OR IGNORE INTO `type_actions` (`id`, `type_id`, `label`, `sort_order`, `created_at`) VALUES ('2ef8dd9b-b00f-43b2-80af-6da0363b0466', '8653dd21-15d5-414e-8150-1abc3fd4f5fa', 'Confusing', 1, '2026-03-27T01:22:45.942Z');
INSERT OR IGNORE INTO `type_actions` (`id`, `type_id`, `label`, `sort_order`, `created_at`) VALUES ('bdef1108-3fe1-4877-8b72-3e39f42af63e', '8653dd21-15d5-414e-8150-1abc3fd4f5fa', 'Needs Examples', 2, '2026-03-27T01:22:45.942Z');
INSERT OR IGNORE INTO `type_actions` (`id`, `type_id`, `label`, `sort_order`, `created_at`) VALUES ('53ab289b-2d28-4a84-8517-d6957807a022', '8653dd21-15d5-414e-8150-1abc3fd4f5fa', 'Too Advanced', 3, '2026-03-27T01:22:45.942Z');
INSERT OR IGNORE INTO `item_types` (`id`, `name`, `description`, `color`, `icon`, `guidance`, `is_system`, `sort_order`, `created_at`, `updated_at`) VALUES ('f27dc61b-a701-4ccb-89ed-141312a37049', 'Intermediate', 'Building on fundamentals with practical applications', '#10B981', '🔧', '{"pattern":"[Lesson number]. [Topic] — [Practical skill or technique]","example":"5. State Management — Building a shopping cart with React hooks","whenToUse":"Use for lessons that apply foundational knowledge to practical scenarios","contentHints":"Reference prerequisite lessons. Build on previous examples where possible. Include a hands-on project or exercise. Show common mistakes and how to avoid them."}', 1, 1, '2026-03-27T01:22:45.942Z', '2026-03-27T01:22:45.942Z');
INSERT OR IGNORE INTO `type_actions` (`id`, `type_id`, `label`, `sort_order`, `created_at`) VALUES ('ab9d6bae-069e-49a8-802b-36a2bf3cc0eb', 'f27dc61b-a701-4ccb-89ed-141312a37049', 'Effective', 0, '2026-03-27T01:22:45.942Z');
INSERT OR IGNORE INTO `type_actions` (`id`, `type_id`, `label`, `sort_order`, `created_at`) VALUES ('2f44d481-daa2-412a-8cf2-a45863e97e2b', 'f27dc61b-a701-4ccb-89ed-141312a37049', 'Too Easy', 1, '2026-03-27T01:22:45.942Z');
INSERT OR IGNORE INTO `type_actions` (`id`, `type_id`, `label`, `sort_order`, `created_at`) VALUES ('38085301-821c-4cad-81b7-c4f1305f4b7f', 'f27dc61b-a701-4ccb-89ed-141312a37049', 'Missing Context', 2, '2026-03-27T01:22:45.942Z');
INSERT OR IGNORE INTO `type_actions` (`id`, `type_id`, `label`, `sort_order`, `created_at`) VALUES ('1baf05ab-2c30-4a02-8295-6c2cacf815a1', 'f27dc61b-a701-4ccb-89ed-141312a37049', 'Needs Practice', 3, '2026-03-27T01:22:45.942Z');
INSERT OR IGNORE INTO `item_types` (`id`, `name`, `description`, `color`, `icon`, `guidance`, `is_system`, `sort_order`, `created_at`, `updated_at`) VALUES ('1f7467de-3b68-460a-8096-813f91feeb47', 'Advanced', 'Deep dives and expert-level techniques', '#8B5CF6', '🚀', '{"pattern":"[Lesson number]. [Topic] — [Advanced technique or deep dive]","example":"12. Performance Optimization — Profiling and fixing React re-renders","whenToUse":"Use for expert-level content that assumes solid intermediate knowledge","contentHints":"State prerequisites clearly. Dive deep into internals or edge cases. Include benchmarks or real-world scenarios. Link to reference documentation for further reading."}', 1, 2, '2026-03-27T01:22:45.942Z', '2026-03-27T01:22:45.942Z');
INSERT OR IGNORE INTO `type_actions` (`id`, `type_id`, `label`, `sort_order`, `created_at`) VALUES ('015878f3-b1ae-4c1d-8a4e-c51bdeb2607a', '1f7467de-3b68-460a-8096-813f91feeb47', 'Insightful', 0, '2026-03-27T01:22:45.942Z');
INSERT OR IGNORE INTO `type_actions` (`id`, `type_id`, `label`, `sort_order`, `created_at`) VALUES ('aa0bb1ff-b397-4a3f-80c7-6552257f7b13', '1f7467de-3b68-460a-8096-813f91feeb47', 'Too Dense', 1, '2026-03-27T01:22:45.942Z');
INSERT OR IGNORE INTO `type_actions` (`id`, `type_id`, `label`, `sort_order`, `created_at`) VALUES ('582eca64-c018-41e5-8fb9-4f78866b7108', '1f7467de-3b68-460a-8096-813f91feeb47', 'Needs Prerequisites', 2, '2026-03-27T01:22:45.942Z');
INSERT OR IGNORE INTO `type_actions` (`id`, `type_id`, `label`, `sort_order`, `created_at`) VALUES ('15a92df1-fcbf-45b1-846c-124e8209176e', '1f7467de-3b68-460a-8096-813f91feeb47', 'Outdated', 3, '2026-03-27T01:22:45.942Z');
INSERT OR IGNORE INTO `item_types` (`id`, `name`, `description`, `color`, `icon`, `guidance`, `is_system`, `sort_order`, `created_at`, `updated_at`) VALUES ('49f7b17c-3fc5-4872-86f9-7e89bf53526f', 'Workshop', 'Guided hands-on project or exercise', '#F59E0B', '🛠️', '{"pattern":"Workshop: [Project name] — [What you will build]","example":"Workshop: Task Tracker — Build a full-stack CRUD app with authentication","whenToUse":"Use for project-based lessons where the learner builds something end-to-end","contentHints":"Provide a project overview and final result upfront. Break into numbered steps. Include starter code and expected output at each checkpoint. End with extension ideas."}', 1, 3, '2026-03-27T01:22:45.942Z', '2026-03-27T01:22:45.942Z');
INSERT OR IGNORE INTO `type_actions` (`id`, `type_id`, `label`, `sort_order`, `created_at`) VALUES ('1a252a77-61c6-4f76-8bb1-f15cac528413', '49f7b17c-3fc5-4872-86f9-7e89bf53526f', 'Completed', 0, '2026-03-27T01:22:45.942Z');
INSERT OR IGNORE INTO `type_actions` (`id`, `type_id`, `label`, `sort_order`, `created_at`) VALUES ('ef69dcff-028d-4b43-8c4a-e8e95353ade6', '49f7b17c-3fc5-4872-86f9-7e89bf53526f', 'Stuck', 1, '2026-03-27T01:22:45.942Z');
INSERT OR IGNORE INTO `type_actions` (`id`, `type_id`, `label`, `sort_order`, `created_at`) VALUES ('14182bf7-576f-46db-8e7b-d9b0d3a7d3fb', '49f7b17c-3fc5-4872-86f9-7e89bf53526f', 'Too Long', 2, '2026-03-27T01:22:45.942Z');
INSERT OR IGNORE INTO `type_actions` (`id`, `type_id`, `label`, `sort_order`, `created_at`) VALUES ('a3b3cfb9-a098-4052-8692-9eb45e3cd3f4', '49f7b17c-3fc5-4872-86f9-7e89bf53526f', 'Missing Steps', 3, '2026-03-27T01:22:45.942Z');
INSERT OR IGNORE INTO `item_types` (`id`, `name`, `description`, `color`, `icon`, `guidance`, `is_system`, `sort_order`, `created_at`, `updated_at`) VALUES ('d9f68e21-3998-4e37-80ac-0e76b41ede9f', 'Assessment', 'Quiz, challenge, or knowledge check', '#EC4899', '✅', '{"pattern":"Assessment: [Topic area] — [What is being tested]","example":"Assessment: JavaScript Basics — Variables, functions, and control flow","whenToUse":"Use for knowledge checks, quizzes, or coding challenges after a module","contentHints":"List questions or challenges with clear instructions. Provide hints for harder items. Include an answer key or solution section at the bottom (use a details/summary block)."}', 1, 4, '2026-03-27T01:22:45.942Z', '2026-03-27T01:22:45.942Z');
INSERT OR IGNORE INTO `type_actions` (`id`, `type_id`, `label`, `sort_order`, `created_at`) VALUES ('78e6115c-472c-46ab-84eb-464be6bfaa2c', 'd9f68e21-3998-4e37-80ac-0e76b41ede9f', 'Fair', 0, '2026-03-27T01:22:45.942Z');
INSERT OR IGNORE INTO `type_actions` (`id`, `type_id`, `label`, `sort_order`, `created_at`) VALUES ('6cac23a0-b5bf-44de-88e3-7d044a1efaea', 'd9f68e21-3998-4e37-80ac-0e76b41ede9f', 'Too Easy', 1, '2026-03-27T01:22:45.942Z');
INSERT OR IGNORE INTO `type_actions` (`id`, `type_id`, `label`, `sort_order`, `created_at`) VALUES ('c8459dc7-7da1-45ec-88ec-3a463b00f2d4', 'd9f68e21-3998-4e37-80ac-0e76b41ede9f', 'Too Hard', 2, '2026-03-27T01:22:45.942Z');
INSERT OR IGNORE INTO `type_actions` (`id`, `type_id`, `label`, `sort_order`, `created_at`) VALUES ('b371aa37-f0a6-4448-84b3-c37ea33b4468', 'd9f68e21-3998-4e37-80ac-0e76b41ede9f', 'Unclear', 3, '2026-03-27T01:22:45.942Z');

-- Tracks (course)
INSERT OR IGNORE INTO `workspaces` (`id`, `name`, `description`, `visibility`, `is_default`, `created_at`, `updated_at`) VALUES ('f13cc977-1492-439b-82da-01f605fb4c20', 'Web Development', 'Frontend and backend web technologies', 'public', 1, '2026-03-27T01:22:45.942Z', '2026-03-27T01:22:45.942Z');
INSERT OR IGNORE INTO `workspaces` (`id`, `name`, `description`, `visibility`, `is_default`, `created_at`, `updated_at`) VALUES ('9e738a1c-69b9-43be-8375-dc5aea9173f4', 'Data Science', 'Data analysis, ML, and statistics', 'public', 0, '2026-03-27T01:22:45.942Z', '2026-03-27T01:22:45.942Z');
INSERT OR IGNORE INTO `workspaces` (`id`, `name`, `description`, `visibility`, `is_default`, `created_at`, `updated_at`) VALUES ('398262a4-60b7-4adf-8c86-3de14070af56', 'DevOps', 'Infrastructure, CI/CD, and deployment', 'public', 0, '2026-03-27T01:22:45.942Z', '2026-03-27T01:22:45.942Z');
INSERT OR IGNORE INTO `workspaces` (`id`, `name`, `description`, `visibility`, `is_default`, `created_at`, `updated_at`) VALUES ('25dd9c6b-0535-454a-877c-ea037692c7df', 'Mobile', 'iOS, Android, and cross-platform development', 'public', 0, '2026-03-27T01:22:45.942Z', '2026-03-27T01:22:45.942Z');

-- course-specific settings
INSERT OR IGNORE INTO `settings` (`key`, `value`, `updated_at`) VALUES ('source_title', 'My Course', datetime('now'));
INSERT OR IGNORE INTO `settings` (`key`, `value`, `updated_at`) VALUES ('source_description', 'Structured lessons and tutorials', datetime('now'));
INSERT OR IGNORE INTO `settings` (`key`, `value`, `updated_at`) VALUES ('quality_guidelines', '{"keySummary":{"tips":"Use a numbered lesson title that previews the learning outcome. Follow the module-specific pattern. Example: \"3. Routing — Building multi-page apps with Next.js\""},"content":{"tips":"Write for a learner progressing sequentially. Start with objectives, build incrementally, and end with a summary and next steps. Reference previous lessons when building on them."},"formatting":["Headings: Learning Objectives, Prerequisites, main topic sections, Summary, Exercises","Code blocks: all code samples with language tags and inline comments","Numbered lists: sequential steps, procedures, exercise instructions","Bullet lists: learning objectives, key takeaways, prerequisites","Tables: comparison of approaches, API reference within lessons","Blockquotes: tips, warnings, or important notes for learners"],"avoid":["Jumping between topics without clear transitions","Assuming knowledge not covered in prerequisite lessons","Code samples without explanation or context","Missing exercises or practice opportunities"]}', datetime('now'));
INSERT OR IGNORE INTO `settings` (`key`, `value`, `updated_at`) VALUES ('validation_limits', '{"keySummary":{"min":10,"max":200},"content":{"min":200,"max":30000},"sourceAi":{"min":1,"max":100}}', datetime('now'));

-- Site actions (course)
INSERT OR IGNORE INTO `site_actions` (`id`, `name`, `slug`, `description`, `fields`, `settings`, `status`, `created_at`, `updated_at`) VALUES ('143a570d-5931-482c-8f6f-b7feeba6fb33', 'Enrollment Interest', 'enrollment-interest', 'Express interest in enrolling', '[{"name":"name","type":"text","label":"Name","required":true,"placeholder":"Your name","maxLength":100},{"name":"email","type":"email","label":"Email","required":true,"placeholder":"you@example.com"},{"name":"experience_level","type":"select","label":"Experience Level","required":true,"options":["Beginner","Intermediate","Advanced"]},{"name":"goals","type":"textarea","label":"Learning Goals","required":true,"placeholder":"What do you hope to learn from this course?","maxLength":2000}]', '{"success_message":"Thanks for your interest! We''ll notify you when enrollment opens.","require_honeypot":true}', 'active', '2026-03-27T01:22:45.942Z', '2026-03-27T01:22:45.942Z');
INSERT OR IGNORE INTO `site_actions` (`id`, `name`, `slug`, `description`, `fields`, `settings`, `status`, `created_at`, `updated_at`) VALUES ('d7c00349-8602-459f-8b3a-4810cbbeabd4', 'Feedback', 'feedback', 'Share feedback on the course material', '[{"name":"name","type":"text","label":"Name","required":true,"placeholder":"Your name","maxLength":100},{"name":"email","type":"email","label":"Email","required":true,"placeholder":"you@example.com"},{"name":"rating","type":"select","label":"Overall Rating","required":true,"options":["1 - Poor","2 - Fair","3 - Good","4 - Very Good","5 - Excellent"]},{"name":"feedback","type":"textarea","label":"Your Feedback","required":true,"placeholder":"What worked well? What could be improved?","maxLength":2000}]', '{"success_message":"Thanks for the feedback! It helps us improve the course for everyone.","require_honeypot":true}', 'active', '2026-03-27T01:22:45.942Z', '2026-03-27T01:22:45.942Z');
