-- Seed data for incidents template: severities, validation actions, services, settings

-- Item types (incidents: P0 — Critical, P1 — Major, P2 — Minor, P3 — Low)
INSERT OR IGNORE INTO `item_types` (`id`, `name`, `description`, `color`, `icon`, `guidance`, `is_system`, `sort_order`, `created_at`, `updated_at`) VALUES ('a23da5fe-fc05-45ef-8236-28cf3a014984', 'P0 — Critical', 'Total outage or data loss affecting all users', '#DC2626', '🔴', '{"pattern":"[Service] + [impact] + [duration or status]","example":"API Gateway — complete outage, all requests returning 503 for 45 minutes","whenToUse":"Use for total service outages, data loss, or security breaches affecting all users","contentHints":"Include timeline (detected, escalated, resolved), impact scope, root cause, and remediation. Use headings for each phase."}', 1, 0, '2026-03-27T01:22:49.500Z', '2026-03-27T01:22:49.500Z');
INSERT OR IGNORE INTO `type_actions` (`id`, `type_id`, `label`, `sort_order`, `created_at`) VALUES ('6ef14f10-f2e9-4e38-8614-5c90cb8252c2', 'a23da5fe-fc05-45ef-8236-28cf3a014984', 'Resolved', 0, '2026-03-27T01:22:49.500Z');
INSERT OR IGNORE INTO `type_actions` (`id`, `type_id`, `label`, `sort_order`, `created_at`) VALUES ('e9cabfed-e7c3-4083-8b1b-f20f87e415ec', 'a23da5fe-fc05-45ef-8236-28cf3a014984', 'Escalated', 1, '2026-03-27T01:22:49.500Z');
INSERT OR IGNORE INTO `type_actions` (`id`, `type_id`, `label`, `sort_order`, `created_at`) VALUES ('320e6a48-75e8-4e7c-82ca-9f992b74ed39', 'a23da5fe-fc05-45ef-8236-28cf3a014984', 'False Alarm', 2, '2026-03-27T01:22:49.500Z');
INSERT OR IGNORE INTO `item_types` (`id`, `name`, `description`, `color`, `icon`, `guidance`, `is_system`, `sort_order`, `created_at`, `updated_at`) VALUES ('c111ea36-626d-4242-878f-daad33772769', 'P1 — Major', 'Significant degradation affecting many users', '#EA580C', '🟠', '{"pattern":"[Service] + [degradation type] + [user impact]","example":"Authentication — elevated error rate (30%), users unable to log in intermittently","whenToUse":"Use for significant degradation, partial outages, or issues affecting a large user segment","contentHints":"Describe the scope of impact, affected user percentage, workaround if any, and resolution steps."}', 1, 1, '2026-03-27T01:22:49.500Z', '2026-03-27T01:22:49.500Z');
INSERT OR IGNORE INTO `type_actions` (`id`, `type_id`, `label`, `sort_order`, `created_at`) VALUES ('f5b82be5-3eed-48a4-891e-d6529360c433', 'c111ea36-626d-4242-878f-daad33772769', 'Resolved', 0, '2026-03-27T01:22:49.500Z');
INSERT OR IGNORE INTO `type_actions` (`id`, `type_id`, `label`, `sort_order`, `created_at`) VALUES ('050977d8-6193-4287-889f-b369b4bfa8ec', 'c111ea36-626d-4242-878f-daad33772769', 'Downgraded', 1, '2026-03-27T01:22:49.500Z');
INSERT OR IGNORE INTO `type_actions` (`id`, `type_id`, `label`, `sort_order`, `created_at`) VALUES ('bab92c3c-fb92-4284-8c96-1a28dd42c305', 'c111ea36-626d-4242-878f-daad33772769', 'Escalated', 2, '2026-03-27T01:22:49.500Z');
INSERT OR IGNORE INTO `item_types` (`id`, `name`, `description`, `color`, `icon`, `guidance`, `is_system`, `sort_order`, `created_at`, `updated_at`) VALUES ('c358df8e-e8b9-4893-8864-5294d11d666b', 'P2 — Minor', 'Limited impact affecting some users or features', '#CA8A04', '🟡', '{"pattern":"[Service/Feature] + [issue] + [limited impact]","example":"Dashboard — chart rendering broken on Safari, workaround available via Chrome","whenToUse":"Use for issues with limited blast radius, single-feature failures, or degraded non-critical paths","contentHints":"Note the affected feature, browser or platform specifics, workaround, and planned fix timeline."}', 1, 2, '2026-03-27T01:22:49.500Z', '2026-03-27T01:22:49.500Z');
INSERT OR IGNORE INTO `type_actions` (`id`, `type_id`, `label`, `sort_order`, `created_at`) VALUES ('8aafe301-d0c6-416e-84d3-3a91ac7b8019', 'c358df8e-e8b9-4893-8864-5294d11d666b', 'Resolved', 0, '2026-03-27T01:22:49.500Z');
INSERT OR IGNORE INTO `type_actions` (`id`, `type_id`, `label`, `sort_order`, `created_at`) VALUES ('59526bbb-f479-4c18-84ca-ab8daf4df233', 'c358df8e-e8b9-4893-8864-5294d11d666b', 'Accepted Risk', 1, '2026-03-27T01:22:49.500Z');
INSERT OR IGNORE INTO `type_actions` (`id`, `type_id`, `label`, `sort_order`, `created_at`) VALUES ('1ffb024f-2b53-4eb8-83bb-005293561f7e', 'c358df8e-e8b9-4893-8864-5294d11d666b', 'Upgraded', 2, '2026-03-27T01:22:49.500Z');
INSERT OR IGNORE INTO `item_types` (`id`, `name`, `description`, `color`, `icon`, `guidance`, `is_system`, `sort_order`, `created_at`, `updated_at`) VALUES ('c7d6e84d-96e1-46b9-84ce-845487d38d43', 'P3 — Low', 'Minimal impact, cosmetic or edge-case issues', '#6B7280', '⚪', '{"pattern":"[Component] + [minor issue] + [edge case or condition]","example":"Email notifications — duplicate delivery for accounts with multiple aliases","whenToUse":"Use for cosmetic bugs, edge cases, or near-misses worth recording for pattern detection","contentHints":"Document the condition that triggers the issue, affected count, and whether a fix is planned or deferred."}', 1, 3, '2026-03-27T01:22:49.500Z', '2026-03-27T01:22:49.500Z');
INSERT OR IGNORE INTO `type_actions` (`id`, `type_id`, `label`, `sort_order`, `created_at`) VALUES ('4d0f705f-836b-40f1-8be3-666b0ad71e5c', 'c7d6e84d-96e1-46b9-84ce-845487d38d43', 'Resolved', 0, '2026-03-27T01:22:49.500Z');
INSERT OR IGNORE INTO `type_actions` (`id`, `type_id`, `label`, `sort_order`, `created_at`) VALUES ('a307d4da-2477-4e79-8454-e4d5036c28bf', 'c7d6e84d-96e1-46b9-84ce-845487d38d43', 'Deferred', 1, '2026-03-27T01:22:49.500Z');
INSERT OR IGNORE INTO `type_actions` (`id`, `type_id`, `label`, `sort_order`, `created_at`) VALUES ('8f92ee8b-c2ac-4d2c-89dc-8a7aeac80737', 'c7d6e84d-96e1-46b9-84ce-845487d38d43', 'Won''t Fix', 2, '2026-03-27T01:22:49.500Z');

-- Services (incidents)
INSERT OR IGNORE INTO `workspaces` (`id`, `name`, `description`, `visibility`, `is_default`, `created_at`, `updated_at`) VALUES ('5959ef83-c31f-4722-8a3d-458a05c024d1', 'API Gateway', 'API routing and rate limiting', 'public', 1, '2026-03-27T01:22:49.500Z', '2026-03-27T01:22:49.500Z');
INSERT OR IGNORE INTO `workspaces` (`id`, `name`, `description`, `visibility`, `is_default`, `created_at`, `updated_at`) VALUES ('12bdd75d-c9a6-4676-85ca-9f1c14800936', 'Database', 'Primary and replica databases', 'public', 0, '2026-03-27T01:22:49.500Z', '2026-03-27T01:22:49.500Z');
INSERT OR IGNORE INTO `workspaces` (`id`, `name`, `description`, `visibility`, `is_default`, `created_at`, `updated_at`) VALUES ('4601019c-36fa-4b7a-88c4-bad146e1fa8f', 'Authentication', 'Login, SSO, and session management', 'public', 0, '2026-03-27T01:22:49.500Z', '2026-03-27T01:22:49.500Z');
INSERT OR IGNORE INTO `workspaces` (`id`, `name`, `description`, `visibility`, `is_default`, `created_at`, `updated_at`) VALUES ('25edceca-b87d-4bbc-8be6-726406bf9e90', 'CDN', 'Content delivery and edge caching', 'public', 0, '2026-03-27T01:22:49.500Z', '2026-03-27T01:22:49.500Z');

-- incidents-specific settings
INSERT OR IGNORE INTO `settings` (`key`, `value`, `updated_at`) VALUES ('source_title', 'My Incident Log', datetime('now'));
INSERT OR IGNORE INTO `settings` (`key`, `value`, `updated_at`) VALUES ('source_description', 'Production incident history and post-mortems', datetime('now'));
INSERT OR IGNORE INTO `settings` (`key`, `value`, `updated_at`) VALUES ('quality_guidelines', '{"keySummary":{"tips":"Lead with the affected service, then the impact. Be specific about scope (all users, 10% of requests, single region)."},"content":{"tips":"Structure as a timeline: detection, investigation, mitigation, resolution, root cause. Write for someone reviewing this incident months later."},"formatting":["Headings: separate Timeline, Impact, Root Cause, Remediation, Lessons Learned","Bullet lists: action items, affected services, contributing factors","Bold: highlight timestamps, severity changes, and key decisions","Code blocks: error messages, log snippets, commands run during mitigation","Tables: impact metrics (requests affected, error rate, duration)"],"avoid":["Blame-oriented language targeting individuals","Vague impact descriptions like \"some users affected\"","Missing timeline of key events","Omitting remediation steps or follow-up actions"]}', datetime('now'));
INSERT OR IGNORE INTO `settings` (`key`, `value`, `updated_at`) VALUES ('validation_limits', '{"keySummary":{"min":15,"max":200},"content":{"min":100,"max":15000},"sourceAi":{"min":1,"max":100}}', datetime('now'));

-- Site actions (incidents)
INSERT OR IGNORE INTO `site_actions` (`id`, `name`, `slug`, `description`, `fields`, `settings`, `status`, `created_at`, `updated_at`) VALUES ('d2f50cc2-a2aa-425b-8dce-55f3d8622110', 'Report Incident', 'report-incident', 'Report a service issue or outage', '[{"name":"name","type":"text","label":"Name","required":true,"placeholder":"Your name","maxLength":100},{"name":"email","type":"email","label":"Email","required":true,"placeholder":"you@example.com"},{"name":"severity","type":"select","label":"Severity","required":true,"options":["P0 — Critical","P1 — Major","P2 — Minor","P3 — Low"]},{"name":"affected_service","type":"select","label":"Affected Service","required":true,"options":["API Gateway","Database","Authentication","CDN","Other"]},{"name":"description","type":"textarea","label":"Incident Description","required":true,"placeholder":"Describe the issue, when it started, and any error messages...","maxLength":2000}]', '{"success_message":"Incident report received! Our team will investigate immediately.","require_honeypot":true}', 'active', '2026-03-27T01:22:49.500Z', '2026-03-27T01:22:49.500Z');
