-- Seed data for magazine template: sections, validation actions, issues, settings

-- Item types (magazine: Breaking News, Opinion, Feature, Investigation, Profile)
INSERT OR IGNORE INTO `item_types` (`id`, `name`, `description`, `color`, `icon`, `guidance`, `is_system`, `sort_order`, `created_at`, `updated_at`) VALUES ('34e1943f-e3aa-410a-8ffa-3568eb163139', 'Breaking News', 'Time-sensitive developing stories', '#DC2626', '🔥', '{"pattern":"[What happened] + [where/who] + [significance]","example":"EU passes landmark AI regulation requiring model transparency for all consumer applications","whenToUse":"Use for time-sensitive stories with immediate impact that require urgent publication","contentHints":"Lead with the most important fact. Use inverted pyramid structure. Include quotes, sourcing, and context for significance."}', 1, 0, '2026-03-20T09:03:19.752Z', '2026-03-20T09:03:19.752Z');
INSERT OR IGNORE INTO `type_actions` (`id`, `type_id`, `label`, `sort_order`, `created_at`) VALUES ('4dc56ef1-1c9f-4cb4-822e-22e684aabae5', '34e1943f-e3aa-410a-8ffa-3568eb163139', 'Published', 0, '2026-03-20T09:03:19.752Z');
INSERT OR IGNORE INTO `type_actions` (`id`, `type_id`, `label`, `sort_order`, `created_at`) VALUES ('4ddf6090-af4d-4d62-8962-3f5d419a69e5', '34e1943f-e3aa-410a-8ffa-3568eb163139', 'Retracted', 1, '2026-03-20T09:03:19.752Z');
INSERT OR IGNORE INTO `type_actions` (`id`, `type_id`, `label`, `sort_order`, `created_at`) VALUES ('69d0639f-82bc-451e-851f-64a0660c8394', '34e1943f-e3aa-410a-8ffa-3568eb163139', 'Updated', 2, '2026-03-20T09:03:19.752Z');
INSERT OR IGNORE INTO `type_actions` (`id`, `type_id`, `label`, `sort_order`, `created_at`) VALUES ('0775e6c3-d3b1-45e2-8be6-f9c650d67e1f', '34e1943f-e3aa-410a-8ffa-3568eb163139', 'Developing', 3, '2026-03-20T09:03:19.752Z');
INSERT OR IGNORE INTO `item_types` (`id`, `name`, `description`, `color`, `icon`, `guidance`, `is_system`, `sort_order`, `created_at`, `updated_at`) VALUES ('2b987adf-5e02-47fd-8228-26864a4f9f63', 'Opinion', 'Analysis, commentary, and editorial perspectives', '#8B5CF6', '💬', '{"pattern":"[Thesis/position] + [on what topic] + [why it matters]","example":"Remote work mandates are killing innovation — here is what the data actually shows","whenToUse":"Use for editorial commentary, analysis pieces, and opinion columns with a clear thesis","contentHints":"State the thesis upfront. Support with evidence, data, or expert quotes. Acknowledge counterarguments. End with a call to action or forward-looking statement."}', 1, 1, '2026-03-20T09:03:19.752Z', '2026-03-20T09:03:19.752Z');
INSERT OR IGNORE INTO `type_actions` (`id`, `type_id`, `label`, `sort_order`, `created_at`) VALUES ('d345647a-f1a6-40d1-81e7-f54a477ea03f', '2b987adf-5e02-47fd-8228-26864a4f9f63', 'Published', 0, '2026-03-20T09:03:19.752Z');
INSERT OR IGNORE INTO `type_actions` (`id`, `type_id`, `label`, `sort_order`, `created_at`) VALUES ('e33f64a9-0c41-48bd-8818-9ce03f873cfb', '2b987adf-5e02-47fd-8228-26864a4f9f63', 'Withdrawn', 1, '2026-03-20T09:03:19.752Z');
INSERT OR IGNORE INTO `type_actions` (`id`, `type_id`, `label`, `sort_order`, `created_at`) VALUES ('a6a36f9d-7281-4795-8081-3eab8a04d471', '2b987adf-5e02-47fd-8228-26864a4f9f63', 'Correction Issued', 2, '2026-03-20T09:03:19.752Z');
INSERT OR IGNORE INTO `item_types` (`id`, `name`, `description`, `color`, `icon`, `guidance`, `is_system`, `sort_order`, `created_at`, `updated_at`) VALUES ('d1d8cfdd-8583-40bd-8277-59f4330c8db7', 'Feature', 'In-depth narrative stories and long-form reporting', '#3B82F6', '📰', '{"pattern":"[Narrative hook] + [subject] + [angle or revelation]","example":"Inside the lab where engineers are teaching robots to feel — and why it could change elder care","whenToUse":"Use for long-form narrative journalism, in-depth profiles, or investigative features","contentHints":"Open with a compelling scene or anecdote. Weave narrative with reporting. Use subheadings to break up long sections. Include sidebars for context."}', 1, 2, '2026-03-20T09:03:19.752Z', '2026-03-20T09:03:19.752Z');
INSERT OR IGNORE INTO `type_actions` (`id`, `type_id`, `label`, `sort_order`, `created_at`) VALUES ('6953b11e-16e7-44c5-8dfe-16775c24ec52', 'd1d8cfdd-8583-40bd-8277-59f4330c8db7', 'Featured', 0, '2026-03-20T09:03:19.752Z');
INSERT OR IGNORE INTO `type_actions` (`id`, `type_id`, `label`, `sort_order`, `created_at`) VALUES ('c6f9ee96-653c-44df-8d37-d4dc3ed8ead6', 'd1d8cfdd-8583-40bd-8277-59f4330c8db7', 'Archived', 1, '2026-03-20T09:03:19.752Z');
INSERT OR IGNORE INTO `type_actions` (`id`, `type_id`, `label`, `sort_order`, `created_at`) VALUES ('432ab65c-917e-4b89-8063-3111103524bd', 'd1d8cfdd-8583-40bd-8277-59f4330c8db7', 'Award Nominated', 2, '2026-03-20T09:03:19.752Z');
INSERT OR IGNORE INTO `item_types` (`id`, `name`, `description`, `color`, `icon`, `guidance`, `is_system`, `sort_order`, `created_at`, `updated_at`) VALUES ('3fb9b19d-f0a4-4d91-8cf4-a143dcdd0013', 'Investigation', 'Deep-dive investigative reporting', '#059669', '🔍', '{"pattern":"[Discovery/revelation] + [about whom/what] + [sourcing]","example":"Internal documents reveal major bank knew about security flaw six months before breach","whenToUse":"Use for investigative pieces backed by documents, data analysis, or whistleblower sources","contentHints":"Structure with clear evidence trail. Cite specific documents or data points. Include the subject''s response. Explain the methodology."}', 1, 3, '2026-03-20T09:03:19.752Z', '2026-03-20T09:03:19.752Z');
INSERT OR IGNORE INTO `type_actions` (`id`, `type_id`, `label`, `sort_order`, `created_at`) VALUES ('35b68422-97c5-4c24-8cf3-cfaadafc0ef3', '3fb9b19d-f0a4-4d91-8cf4-a143dcdd0013', 'Published', 0, '2026-03-20T09:03:19.752Z');
INSERT OR IGNORE INTO `type_actions` (`id`, `type_id`, `label`, `sort_order`, `created_at`) VALUES ('873a7e36-c00a-4e5a-8e8b-edea4f187736', '3fb9b19d-f0a4-4d91-8cf4-a143dcdd0013', 'Under Review', 1, '2026-03-20T09:03:19.752Z');
INSERT OR IGNORE INTO `type_actions` (`id`, `type_id`, `label`, `sort_order`, `created_at`) VALUES ('da7cc48e-c5b5-49d7-8b44-454d11c4c1eb', '3fb9b19d-f0a4-4d91-8cf4-a143dcdd0013', 'Legal Hold', 2, '2026-03-20T09:03:19.752Z');
INSERT OR IGNORE INTO `type_actions` (`id`, `type_id`, `label`, `sort_order`, `created_at`) VALUES ('86a645ce-b3e7-4383-8158-50a9cb85bc1f', '3fb9b19d-f0a4-4d91-8cf4-a143dcdd0013', 'Follow-Up Needed', 3, '2026-03-20T09:03:19.752Z');
INSERT OR IGNORE INTO `item_types` (`id`, `name`, `description`, `color`, `icon`, `guidance`, `is_system`, `sort_order`, `created_at`, `updated_at`) VALUES ('76c5ab31-2012-49e5-8bd1-42655766da07', 'Profile', 'Person or organization profiles', '#F59E0B', '👤', '{"pattern":"[Who] + [what makes them notable] + [timeliness]","example":"The architect behind the city''s first net-zero skyscraper on why green building is finally profitable","whenToUse":"Use for profiles of individuals, organizations, or movements with a timely news hook","contentHints":"Combine biography with narrative. Include direct quotes from the subject. Provide context for why this profile matters now."}', 1, 4, '2026-03-20T09:03:19.752Z', '2026-03-20T09:03:19.752Z');
INSERT OR IGNORE INTO `type_actions` (`id`, `type_id`, `label`, `sort_order`, `created_at`) VALUES ('8e2f676d-623d-48d2-8983-1ecc1a25797d', '76c5ab31-2012-49e5-8bd1-42655766da07', 'Published', 0, '2026-03-20T09:03:19.752Z');
INSERT OR IGNORE INTO `type_actions` (`id`, `type_id`, `label`, `sort_order`, `created_at`) VALUES ('2c51f7f2-ff06-45c4-831d-7ea624d15fdc', '76c5ab31-2012-49e5-8bd1-42655766da07', 'Corrections Made', 1, '2026-03-20T09:03:19.752Z');
INSERT OR IGNORE INTO `type_actions` (`id`, `type_id`, `label`, `sort_order`, `created_at`) VALUES ('8b5ee036-bed7-40ee-87b9-c5a0ff2631b2', '76c5ab31-2012-49e5-8bd1-42655766da07', 'Archived', 2, '2026-03-20T09:03:19.752Z');

-- Issues (magazine)
INSERT OR IGNORE INTO `workspaces` (`id`, `name`, `description`, `visibility`, `is_default`, `created_at`, `updated_at`) VALUES ('ea797acf-4266-4750-84d5-fc9a5a10d482', 'This Week', 'Current week stories', 'public', 1, '2026-03-20T09:03:19.752Z', '2026-03-20T09:03:19.752Z');
INSERT OR IGNORE INTO `workspaces` (`id`, `name`, `description`, `visibility`, `is_default`, `created_at`, `updated_at`) VALUES ('902c1ad6-31b8-4c66-8382-1d4da976a2a6', 'Editor''s Picks', 'Curated standout stories', 'public', 1, '2026-03-20T09:03:19.752Z', '2026-03-20T09:03:19.752Z');
INSERT OR IGNORE INTO `workspaces` (`id`, `name`, `description`, `visibility`, `is_default`, `created_at`, `updated_at`) VALUES ('2a87ccf6-bc41-4a15-87ea-c0c633945d45', 'Deep Dives', 'Long-form and investigative work', 'public', 1, '2026-03-20T09:03:19.752Z', '2026-03-20T09:03:19.752Z');
INSERT OR IGNORE INTO `workspaces` (`id`, `name`, `description`, `visibility`, `is_default`, `created_at`, `updated_at`) VALUES ('03246ba5-534f-4915-80f6-06c127470800', 'Archives', 'Past stories and back catalog', 'public', 1, '2026-03-20T09:03:19.752Z', '2026-03-20T09:03:19.752Z');

-- magazine-specific settings
INSERT OR IGNORE INTO `settings` (`key`, `value`, `updated_at`) VALUES ('source_title', 'My Magazine', datetime('now'));
INSERT OR IGNORE INTO `settings` (`key`, `value`, `updated_at`) VALUES ('source_description', 'News, features, and in-depth reporting', datetime('now'));
INSERT OR IGNORE INTO `settings` (`key`, `value`, `updated_at`) VALUES ('quality_guidelines', '{"keySummary":{"tips":"Write a compelling headline. Lead with the most newsworthy element. Avoid clickbait — be specific about the story."},"content":{"tips":"Use inverted pyramid for news, narrative structure for features. Always attribute sources. Include context for why the story matters now."},"formatting":["Headings: break long features into sections with subheads","Block quotes: direct quotes from sources and subjects","Bold: key facts, names on first mention, and data points","Bullet lists: key takeaways, timeline of events","Paragraphs: narrative flow with short, punchy paragraphs","Horizontal rules: separate major sections in long features"],"avoid":["Clickbait headlines that overpromise","Unattributed claims or anonymous sourcing without explanation","Burying the lede below background context","Editorializing in news stories (save for Opinion type)"]}', datetime('now'));
INSERT OR IGNORE INTO `settings` (`key`, `value`, `updated_at`) VALUES ('validation_limits', '{"keySummary":{"min":15,"max":200},"content":{"min":200,"max":30000},"sourceAi":{"min":1,"max":100}}', datetime('now'));
