-- Seed data for podcast template: shows, validation actions, seasons, settings

-- Item types (podcast: Interview, Solo, Panel Discussion, Miniseries)
INSERT OR IGNORE INTO `item_types` (`id`, `name`, `description`, `color`, `icon`, `guidance`, `is_system`, `sort_order`, `created_at`, `updated_at`) VALUES ('5dbd0621-1270-4585-80e2-565b76e631c7', 'Interview', 'Conversation with a guest', '#8B5CF6', '🎙️', '{"pattern":"Ep. [N]: [Guest Name] on [Topic]","example":"Ep. 12: Sarah Chen on building developer tools at scale","whenToUse":"Use for episodes featuring a guest conversation or Q&A","contentHints":"Include guest bio, key topics with timestamps, notable quotes, and links mentioned. Use ## headings for major topic shifts."}', 1, 0, '2026-03-27T01:22:52.957Z', '2026-03-27T01:22:52.957Z');
INSERT OR IGNORE INTO `type_actions` (`id`, `type_id`, `label`, `sort_order`, `created_at`) VALUES ('38406b3a-0e14-4584-8c65-439130807d48', '5dbd0621-1270-4585-80e2-565b76e631c7', 'Published', 0, '2026-03-27T01:22:52.957Z');
INSERT OR IGNORE INTO `type_actions` (`id`, `type_id`, `label`, `sort_order`, `created_at`) VALUES ('bed9c022-b377-4456-8ee1-a200faee08f2', '5dbd0621-1270-4585-80e2-565b76e631c7', 'Editing', 1, '2026-03-27T01:22:52.957Z');
INSERT OR IGNORE INTO `type_actions` (`id`, `type_id`, `label`, `sort_order`, `created_at`) VALUES ('eca08665-3641-453a-80eb-a50c70dcff65', '5dbd0621-1270-4585-80e2-565b76e631c7', 'Scheduled', 2, '2026-03-27T01:22:52.957Z');
INSERT OR IGNORE INTO `type_actions` (`id`, `type_id`, `label`, `sort_order`, `created_at`) VALUES ('470ef1fe-887a-4fdd-8406-30a9d14e90d7', '5dbd0621-1270-4585-80e2-565b76e631c7', 'Bonus', 3, '2026-03-27T01:22:52.957Z');
INSERT OR IGNORE INTO `item_types` (`id`, `name`, `description`, `color`, `icon`, `guidance`, `is_system`, `sort_order`, `created_at`, `updated_at`) VALUES ('c95e20dc-44c1-4b03-86fb-864c53ba7e15', 'Solo', 'Host-only episode or monologue', '#3B82F6', '🎤', '{"pattern":"Ep. [N]: [Topic or Title]","example":"Ep. 15: Why I stopped using frameworks for side projects","whenToUse":"Use for solo episodes where the host discusses a topic without guests","contentHints":"Structure with timestamps for each section. Include key points, recommendations, and any resources mentioned."}', 1, 1, '2026-03-27T01:22:52.957Z', '2026-03-27T01:22:52.957Z');
INSERT OR IGNORE INTO `type_actions` (`id`, `type_id`, `label`, `sort_order`, `created_at`) VALUES ('cd354e1d-30a5-4f1b-84b3-b42a065bb97b', 'c95e20dc-44c1-4b03-86fb-864c53ba7e15', 'Published', 0, '2026-03-27T01:22:52.957Z');
INSERT OR IGNORE INTO `type_actions` (`id`, `type_id`, `label`, `sort_order`, `created_at`) VALUES ('84661858-89ef-456e-8b1a-928e3a5fdbb1', 'c95e20dc-44c1-4b03-86fb-864c53ba7e15', 'Editing', 1, '2026-03-27T01:22:52.957Z');
INSERT OR IGNORE INTO `type_actions` (`id`, `type_id`, `label`, `sort_order`, `created_at`) VALUES ('18fc0508-a576-40b7-810e-909c2b651d67', 'c95e20dc-44c1-4b03-86fb-864c53ba7e15', 'Scheduled', 2, '2026-03-27T01:22:52.957Z');
INSERT OR IGNORE INTO `type_actions` (`id`, `type_id`, `label`, `sort_order`, `created_at`) VALUES ('742a7f26-15be-489d-8125-50de6d4d008d', 'c95e20dc-44c1-4b03-86fb-864c53ba7e15', 'Bonus', 3, '2026-03-27T01:22:52.957Z');
INSERT OR IGNORE INTO `item_types` (`id`, `name`, `description`, `color`, `icon`, `guidance`, `is_system`, `sort_order`, `created_at`, `updated_at`) VALUES ('5c99d641-3a9f-428b-853c-34ada1eda63d', 'Panel Discussion', 'Multi-guest roundtable conversation', '#10B981', '👥', '{"pattern":"Ep. [N]: [Topic] with [Guest 1], [Guest 2], ...","example":"Ep. 20: The future of AI coding tools with Alex, Jamie, and Priya","whenToUse":"Use for episodes with multiple guests discussing a shared topic","contentHints":"List all panelists with short bios. Use timestamps for each discussion segment. Note key disagreements and consensus points."}', 1, 2, '2026-03-27T01:22:52.957Z', '2026-03-27T01:22:52.957Z');
INSERT OR IGNORE INTO `type_actions` (`id`, `type_id`, `label`, `sort_order`, `created_at`) VALUES ('722a8f39-e9eb-48ee-894d-1850f8b753a7', '5c99d641-3a9f-428b-853c-34ada1eda63d', 'Published', 0, '2026-03-27T01:22:52.957Z');
INSERT OR IGNORE INTO `type_actions` (`id`, `type_id`, `label`, `sort_order`, `created_at`) VALUES ('fca2cac5-6548-4031-81ee-ca822caa1ded', '5c99d641-3a9f-428b-853c-34ada1eda63d', 'Editing', 1, '2026-03-27T01:22:52.957Z');
INSERT OR IGNORE INTO `type_actions` (`id`, `type_id`, `label`, `sort_order`, `created_at`) VALUES ('2ff4ebd7-3b56-46ee-8e4b-d252fb5b8702', '5c99d641-3a9f-428b-853c-34ada1eda63d', 'Scheduled', 2, '2026-03-27T01:22:52.957Z');
INSERT OR IGNORE INTO `type_actions` (`id`, `type_id`, `label`, `sort_order`, `created_at`) VALUES ('e94e43f4-e6ef-439d-8d2e-553d4811d501', '5c99d641-3a9f-428b-853c-34ada1eda63d', 'Bonus', 3, '2026-03-27T01:22:52.957Z');
INSERT OR IGNORE INTO `item_types` (`id`, `name`, `description`, `color`, `icon`, `guidance`, `is_system`, `sort_order`, `created_at`, `updated_at`) VALUES ('469e8f1c-7341-46e5-8472-dcaa9da20ee4', 'Miniseries', 'Part of a multi-episode arc', '#F59E0B', '📚', '{"pattern":"Ep. [N]: [Series Name], Part [M] — [Subtitle]","example":"Ep. 25: Building in Public, Part 3 — The first 1,000 users","whenToUse":"Use for episodes that are part of a themed multi-episode series","contentHints":"Reference previous parts with episode numbers. Include a brief recap for new listeners. Timestamps for this episode specifically."}', 1, 3, '2026-03-27T01:22:52.957Z', '2026-03-27T01:22:52.957Z');
INSERT OR IGNORE INTO `type_actions` (`id`, `type_id`, `label`, `sort_order`, `created_at`) VALUES ('48c3ab8c-74b2-4e4e-898e-4fe899dc71fa', '469e8f1c-7341-46e5-8472-dcaa9da20ee4', 'Published', 0, '2026-03-27T01:22:52.957Z');
INSERT OR IGNORE INTO `type_actions` (`id`, `type_id`, `label`, `sort_order`, `created_at`) VALUES ('b09e901c-7f17-440c-86b4-533c4cf02b1d', '469e8f1c-7341-46e5-8472-dcaa9da20ee4', 'Editing', 1, '2026-03-27T01:22:52.957Z');
INSERT OR IGNORE INTO `type_actions` (`id`, `type_id`, `label`, `sort_order`, `created_at`) VALUES ('8dabce80-f295-4366-8ec7-c007f18ad5c5', '469e8f1c-7341-46e5-8472-dcaa9da20ee4', 'Scheduled', 2, '2026-03-27T01:22:52.957Z');
INSERT OR IGNORE INTO `type_actions` (`id`, `type_id`, `label`, `sort_order`, `created_at`) VALUES ('ba88287e-e1a5-44cb-8d63-b046fa412f5c', '469e8f1c-7341-46e5-8472-dcaa9da20ee4', 'Series complete', 3, '2026-03-27T01:22:52.957Z');

-- Seasons (podcast)
INSERT OR IGNORE INTO `workspaces` (`id`, `name`, `description`, `visibility`, `is_default`, `created_at`, `updated_at`) VALUES ('008c1270-8e95-4314-829d-2cf07d14d8e4', 'Season 1', 'First season episodes', 'public', 1, '2026-03-27T01:22:52.957Z', '2026-03-27T01:22:52.957Z');
INSERT OR IGNORE INTO `workspaces` (`id`, `name`, `description`, `visibility`, `is_default`, `created_at`, `updated_at`) VALUES ('d9826f48-f29c-4541-84d0-5351f5f7d49e', 'Season 2', 'Second season episodes', 'public', 0, '2026-03-27T01:22:52.957Z', '2026-03-27T01:22:52.957Z');
INSERT OR IGNORE INTO `workspaces` (`id`, `name`, `description`, `visibility`, `is_default`, `created_at`, `updated_at`) VALUES ('ee91afa0-1c81-4e07-8fda-35d4ad915edf', 'Bonus Episodes', 'Extra content outside regular seasons', 'public', 0, '2026-03-27T01:22:52.957Z', '2026-03-27T01:22:52.957Z');
INSERT OR IGNORE INTO `workspaces` (`id`, `name`, `description`, `visibility`, `is_default`, `created_at`, `updated_at`) VALUES ('aa564aae-fd1b-4841-8a04-2c66035158b4', 'Trailers', 'Preview and promotional episodes', 'public', 0, '2026-03-27T01:22:52.957Z', '2026-03-27T01:22:52.957Z');

-- podcast-specific settings
INSERT OR IGNORE INTO `settings` (`key`, `value`, `updated_at`) VALUES ('source_title', 'My Podcast', datetime('now'));
INSERT OR IGNORE INTO `settings` (`key`, `value`, `updated_at`) VALUES ('source_description', 'Episode show notes and archive', datetime('now'));
INSERT OR IGNORE INTO `settings` (`key`, `value`, `updated_at`) VALUES ('quality_guidelines', '{"keySummary":{"tips":"Use the format: Ep. [Number]: [Title or Guest — Topic]. Include the episode number for chronological ordering."},"content":{"tips":"Write structured show notes. Lead with a one-paragraph summary, then timestamps, then links and resources mentioned."},"formatting":["Timestamps: use [00:00] format at the start of lines for topic markers","Headings: separate Guest Bio, Topics, Links, and Timestamps sections","Bullet lists: links mentioned, resources, guest social handles","Numbered lists: key takeaways or episode highlights","Blockquotes: notable quotes from guests","Bold: guest names and topic labels within show notes"],"avoid":["Full transcripts in show notes (link to them instead)","Missing episode numbers (chronological ordering matters)","Show notes without timestamps (listeners need navigation)","Vague summaries like \"Great conversation about tech\""]}', datetime('now'));
INSERT OR IGNORE INTO `settings` (`key`, `value`, `updated_at`) VALUES ('validation_limits', '{"keySummary":{"min":10,"max":200},"content":{"min":50,"max":15000},"sourceAi":{"min":1,"max":100}}', datetime('now'));

-- Site actions (podcast)
INSERT OR IGNORE INTO `site_actions` (`id`, `name`, `slug`, `description`, `fields`, `settings`, `status`, `created_at`, `updated_at`) VALUES ('96b3fbe5-4fb7-4d6e-8ffe-67288cb293ab', 'Guest Application', 'guest-application', 'Apply to be a guest on the show', '[{"name":"name","type":"text","label":"Name","required":true,"placeholder":"Your name","maxLength":100},{"name":"email","type":"email","label":"Email","required":true,"placeholder":"you@example.com"},{"name":"website","type":"url","label":"Website or Profile","required":false,"placeholder":"https://yoursite.com","maxLength":500},{"name":"pitch","type":"textarea","label":"Why would you be a great guest?","required":true,"placeholder":"Tell us about your expertise and what topics you could discuss...","maxLength":2000}]', '{"success_message":"Thanks for applying! We''ll review your application and reach out if there''s a fit.","require_honeypot":true}', 'active', '2026-03-27T01:22:52.957Z', '2026-03-27T01:22:52.957Z');
INSERT OR IGNORE INTO `site_actions` (`id`, `name`, `slug`, `description`, `fields`, `settings`, `status`, `created_at`, `updated_at`) VALUES ('ce4fc647-94bb-42d4-8c8c-7e5d92698c9c', 'Topic Suggestion', 'topic-suggestion', 'Suggest a topic for a future episode', '[{"name":"name","type":"text","label":"Name","required":true,"placeholder":"Your name","maxLength":100},{"name":"email","type":"email","label":"Email","required":true,"placeholder":"you@example.com"},{"name":"topic","type":"textarea","label":"Topic Suggestion","required":true,"placeholder":"What topic would you like us to cover?","maxLength":2000}]', '{"success_message":"Great suggestion! We''ll add it to our episode planning list.","require_honeypot":true}', 'active', '2026-03-27T01:22:52.957Z', '2026-03-27T01:22:52.957Z');
