-- Seed data for runbook template: systems, validation actions, playbooks, settings

-- Item types (runbook: Database, Networking, Deployment, Monitoring, Security)
INSERT OR IGNORE INTO `item_types` (`id`, `name`, `description`, `color`, `icon`, `guidance`, `is_system`, `sort_order`, `created_at`, `updated_at`) VALUES ('411d4b82-ffd0-49fa-8d65-6fcc9caad2a6', 'Database', 'Database operations, migrations, and troubleshooting', '#3B82F6', '🗄️', '{"pattern":"[Action verb] + [database/table/operation] + [condition or scope]","example":"Restore PostgreSQL database from S3 backup after data corruption","whenToUse":"Use for database-related procedures: backups, restores, migrations, performance","contentHints":"Start with prerequisites (access, tools, permissions). List exact commands with expected output. Include rollback steps. Add verification queries to confirm success."}', 1, 0, '2026-03-20T09:03:25.895Z', '2026-03-20T09:03:25.895Z');
INSERT OR IGNORE INTO `type_actions` (`id`, `type_id`, `label`, `sort_order`, `created_at`) VALUES ('57dfa3cf-b14e-4096-80ee-75f8a14352af', '411d4b82-ffd0-49fa-8d65-6fcc9caad2a6', 'Verified', 0, '2026-03-20T09:03:25.895Z');
INSERT OR IGNORE INTO `type_actions` (`id`, `type_id`, `label`, `sort_order`, `created_at`) VALUES ('31700578-c60a-40c1-8aed-dcfb4bd51b3a', '411d4b82-ffd0-49fa-8d65-6fcc9caad2a6', 'Failed', 1, '2026-03-20T09:03:25.895Z');
INSERT OR IGNORE INTO `type_actions` (`id`, `type_id`, `label`, `sort_order`, `created_at`) VALUES ('ffe39a48-b020-4171-8dd7-eadebc9dc287', '411d4b82-ffd0-49fa-8d65-6fcc9caad2a6', 'Needs Update', 2, '2026-03-20T09:03:25.895Z');
INSERT OR IGNORE INTO `type_actions` (`id`, `type_id`, `label`, `sort_order`, `created_at`) VALUES ('2d16c2f9-7b21-4a6e-8d4e-709003e1dd9d', '411d4b82-ffd0-49fa-8d65-6fcc9caad2a6', 'Dangerous', 3, '2026-03-20T09:03:25.895Z');
INSERT OR IGNORE INTO `item_types` (`id`, `name`, `description`, `color`, `icon`, `guidance`, `is_system`, `sort_order`, `created_at`, `updated_at`) VALUES ('79f8119e-17e8-4720-8816-6a936759efa8', 'Networking', 'Network configuration, DNS, and connectivity', '#10B981', '🌐', '{"pattern":"[Action verb] + [network component] + [scope or environment]","example":"Update DNS records for domain migration to new load balancer","whenToUse":"Use for network-related procedures: DNS changes, firewall rules, VPN, load balancers","contentHints":"Include current state and target state. List all affected services. Provide diagnostic commands for verification. Note propagation delays where applicable."}', 1, 1, '2026-03-20T09:03:25.895Z', '2026-03-20T09:03:25.895Z');
INSERT OR IGNORE INTO `type_actions` (`id`, `type_id`, `label`, `sort_order`, `created_at`) VALUES ('919b0d49-8268-46e3-83b9-d1b8a5dab0ef', '79f8119e-17e8-4720-8816-6a936759efa8', 'Verified', 0, '2026-03-20T09:03:25.895Z');
INSERT OR IGNORE INTO `type_actions` (`id`, `type_id`, `label`, `sort_order`, `created_at`) VALUES ('29d64af2-f0e4-4a4f-8cc0-1c25a5d0f2a7', '79f8119e-17e8-4720-8816-6a936759efa8', 'Incomplete', 1, '2026-03-20T09:03:25.895Z');
INSERT OR IGNORE INTO `type_actions` (`id`, `type_id`, `label`, `sort_order`, `created_at`) VALUES ('edf9ae3f-9338-4907-846d-679bc29891fa', '79f8119e-17e8-4720-8816-6a936759efa8', 'Outdated', 2, '2026-03-20T09:03:25.895Z');
INSERT OR IGNORE INTO `type_actions` (`id`, `type_id`, `label`, `sort_order`, `created_at`) VALUES ('36ca11b1-b93b-49d8-8154-736c8ce89ecf', '79f8119e-17e8-4720-8816-6a936759efa8', 'Risky', 3, '2026-03-20T09:03:25.895Z');
INSERT OR IGNORE INTO `item_types` (`id`, `name`, `description`, `color`, `icon`, `guidance`, `is_system`, `sort_order`, `created_at`, `updated_at`) VALUES ('9e1f47c8-5c35-48a7-8fbe-46412aa192d8', 'Deployment', 'Release, rollback, and deployment procedures', '#8B5CF6', '🚀', '{"pattern":"[Deploy/Rollback/Release] + [service name] + [to environment]","example":"Deploy API service v2.4.0 to production with zero-downtime","whenToUse":"Use for deployment, release, and rollback procedures","contentHints":"Include pre-deployment checklist, deployment steps, smoke test commands, and rollback procedure. Specify the expected duration and any maintenance windows."}', 1, 2, '2026-03-20T09:03:25.895Z', '2026-03-20T09:03:25.895Z');
INSERT OR IGNORE INTO `type_actions` (`id`, `type_id`, `label`, `sort_order`, `created_at`) VALUES ('2ccee85f-d358-4d62-8243-10cc390d854a', '9e1f47c8-5c35-48a7-8fbe-46412aa192d8', 'Tested', 0, '2026-03-20T09:03:25.895Z');
INSERT OR IGNORE INTO `type_actions` (`id`, `type_id`, `label`, `sort_order`, `created_at`) VALUES ('29e0808e-3576-4ab8-8140-c8338289a2e8', '9e1f47c8-5c35-48a7-8fbe-46412aa192d8', 'Failed', 1, '2026-03-20T09:03:25.895Z');
INSERT OR IGNORE INTO `type_actions` (`id`, `type_id`, `label`, `sort_order`, `created_at`) VALUES ('11a868d1-c0ea-4937-8916-d898c9e55c2d', '9e1f47c8-5c35-48a7-8fbe-46412aa192d8', 'Needs Dry Run', 2, '2026-03-20T09:03:25.895Z');
INSERT OR IGNORE INTO `type_actions` (`id`, `type_id`, `label`, `sort_order`, `created_at`) VALUES ('fe1dc7a5-8c6a-42c8-8e5d-eae8670544ba', '9e1f47c8-5c35-48a7-8fbe-46412aa192d8', 'Deprecated', 3, '2026-03-20T09:03:25.895Z');
INSERT OR IGNORE INTO `item_types` (`id`, `name`, `description`, `color`, `icon`, `guidance`, `is_system`, `sort_order`, `created_at`, `updated_at`) VALUES ('6ccb39f7-dd7a-4bb3-84ce-e7df90bbf229', 'Monitoring', 'Alerting, observability, and health checks', '#F59E0B', '📊', '{"pattern":"[Investigate/Resolve/Configure] + [alert or metric] + [context]","example":"Investigate high CPU usage alert on worker nodes during peak traffic","whenToUse":"Use for monitoring setup, alert response, and observability procedures","contentHints":"Include alert thresholds and escalation criteria. List diagnostic commands and dashboard links. Provide decision trees for common scenarios. Note SLA implications."}', 1, 3, '2026-03-20T09:03:25.895Z', '2026-03-20T09:03:25.895Z');
INSERT OR IGNORE INTO `type_actions` (`id`, `type_id`, `label`, `sort_order`, `created_at`) VALUES ('daee43c6-b8f1-4b99-8aa9-d51fa9157b36', '6ccb39f7-dd7a-4bb3-84ce-e7df90bbf229', 'Effective', 0, '2026-03-20T09:03:25.895Z');
INSERT OR IGNORE INTO `type_actions` (`id`, `type_id`, `label`, `sort_order`, `created_at`) VALUES ('9d2d1acc-a301-498f-87bc-6e647970edbf', '6ccb39f7-dd7a-4bb3-84ce-e7df90bbf229', 'Noisy', 1, '2026-03-20T09:03:25.895Z');
INSERT OR IGNORE INTO `type_actions` (`id`, `type_id`, `label`, `sort_order`, `created_at`) VALUES ('98ec49a5-9728-4717-8b49-3029cef78999', '6ccb39f7-dd7a-4bb3-84ce-e7df90bbf229', 'Missing Alerts', 2, '2026-03-20T09:03:25.895Z');
INSERT OR IGNORE INTO `type_actions` (`id`, `type_id`, `label`, `sort_order`, `created_at`) VALUES ('8696482d-c74b-4004-8758-bc075e1e46c1', '6ccb39f7-dd7a-4bb3-84ce-e7df90bbf229', 'Outdated', 3, '2026-03-20T09:03:25.895Z');
INSERT OR IGNORE INTO `item_types` (`id`, `name`, `description`, `color`, `icon`, `guidance`, `is_system`, `sort_order`, `created_at`, `updated_at`) VALUES ('a8ddec10-718c-4c32-8d9c-59c37d1495ed', 'Security', 'Access control, secrets rotation, and compliance', '#EF4444', '🔒', '{"pattern":"[Action verb] + [security concern] + [scope or trigger]","example":"Rotate API keys and secrets after suspected credential leak","whenToUse":"Use for security-related procedures: key rotation, access audits, incident response","contentHints":"Mark sensitive steps clearly. Include who needs to be notified. List all affected services and downstream dependencies. Add a post-incident checklist."}', 1, 4, '2026-03-20T09:03:25.895Z', '2026-03-20T09:03:25.895Z');
INSERT OR IGNORE INTO `type_actions` (`id`, `type_id`, `label`, `sort_order`, `created_at`) VALUES ('8390493d-2c2c-4dc0-8473-1ec57b8426db', 'a8ddec10-718c-4c32-8d9c-59c37d1495ed', 'Secure', 0, '2026-03-20T09:03:25.895Z');
INSERT OR IGNORE INTO `type_actions` (`id`, `type_id`, `label`, `sort_order`, `created_at`) VALUES ('faf742af-4de9-4076-8737-7e5a76f6d9af', 'a8ddec10-718c-4c32-8d9c-59c37d1495ed', 'Vulnerable', 1, '2026-03-20T09:03:25.895Z');
INSERT OR IGNORE INTO `type_actions` (`id`, `type_id`, `label`, `sort_order`, `created_at`) VALUES ('76f1f21f-812a-4913-8325-d52f1a710234', 'a8ddec10-718c-4c32-8d9c-59c37d1495ed', 'Needs Audit', 2, '2026-03-20T09:03:25.895Z');
INSERT OR IGNORE INTO `type_actions` (`id`, `type_id`, `label`, `sort_order`, `created_at`) VALUES ('ecde41cd-53c9-43ba-896f-b79b9587ad0f', 'a8ddec10-718c-4c32-8d9c-59c37d1495ed', 'Emergency', 3, '2026-03-20T09:03:25.895Z');

-- Playbooks (runbook)
INSERT OR IGNORE INTO `workspaces` (`id`, `name`, `description`, `visibility`, `is_default`, `created_at`, `updated_at`) VALUES ('d81b0147-ef4d-4891-84d2-d90a2d47ab81', 'Incident Response', 'Procedures for responding to active incidents', 'public', 1, '2026-03-20T09:03:25.895Z', '2026-03-20T09:03:25.895Z');
INSERT OR IGNORE INTO `workspaces` (`id`, `name`, `description`, `visibility`, `is_default`, `created_at`, `updated_at`) VALUES ('7485770b-4151-4da6-8f5b-7b720c767697', 'Maintenance', 'Routine maintenance and upkeep procedures', 'public', 1, '2026-03-20T09:03:25.895Z', '2026-03-20T09:03:25.895Z');
INSERT OR IGNORE INTO `workspaces` (`id`, `name`, `description`, `visibility`, `is_default`, `created_at`, `updated_at`) VALUES ('08f03dc6-51f2-4e48-8715-35fe50ce9ae6', 'Onboarding', 'Setup and access provisioning for new team members', 'public', 1, '2026-03-20T09:03:25.895Z', '2026-03-20T09:03:25.895Z');
INSERT OR IGNORE INTO `workspaces` (`id`, `name`, `description`, `visibility`, `is_default`, `created_at`, `updated_at`) VALUES ('88905faa-0045-41be-861a-2c1233a50854', 'Disaster Recovery', 'Business continuity and disaster recovery plans', 'private', 1, '2026-03-20T09:03:25.895Z', '2026-03-20T09:03:25.895Z');

-- runbook-specific settings
INSERT OR IGNORE INTO `settings` (`key`, `value`, `updated_at`) VALUES ('source_title', 'My Runbook', datetime('now'));
INSERT OR IGNORE INTO `settings` (`key`, `value`, `updated_at`) VALUES ('source_description', 'Standard operating procedures and operational playbooks', datetime('now'));
INSERT OR IGNORE INTO `settings` (`key`, `value`, `updated_at`) VALUES ('quality_guidelines', '{"keySummary":{"tips":"Write an action-oriented title that a stressed on-call engineer can scan in seconds. Follow the system-specific pattern. Example: \"Restart Kafka consumer group after lag spike\""},"content":{"tips":"Write for someone executing this at 3 AM during an incident. Every step must be copy-pasteable. Include expected output for verification. Start with prerequisites and end with a verification checklist."},"formatting":["Numbered lists: every procedural step must be numbered sequentially","Code blocks: exact commands with expected output, always include shell type","Tables: environment variables, service endpoints, escalation contacts","Headings: Prerequisites, Procedure, Verification, Rollback, Escalation","Bold: critical warnings, irreversible steps, and timeout values","Blockquotes: caution notes for steps that can cause downtime"],"avoid":["Vague steps like \"check the logs\" without specifying which logs or commands","Missing rollback procedures for destructive operations","Outdated hostnames, endpoints, or commands","Prose paragraphs where a numbered checklist would be clearer"]}', datetime('now'));
INSERT OR IGNORE INTO `settings` (`key`, `value`, `updated_at`) VALUES ('validation_limits', '{"keySummary":{"min":15,"max":200},"content":{"min":200,"max":20000},"sourceAi":{"min":1,"max":100}}', datetime('now'));
