-- Seed data for wiki template: topics, validation actions, sections, settings

-- Item types (wiki: Concept, How-To Guide, Reference, FAQ, Glossary Entry)
INSERT OR IGNORE INTO `item_types` (`id`, `name`, `description`, `color`, `icon`, `guidance`, `is_system`, `sort_order`, `created_at`, `updated_at`) VALUES ('c8c19c9f-d79c-4c61-86c1-a85b61025ecd', 'Concept', 'Explanation of a core idea or principle', '#8B5CF6', '💡', '{"pattern":"[Topic]: [Core idea or principle explained]","example":"Event Sourcing: Storing state changes as an immutable sequence of events","whenToUse":"Use for explaining foundational ideas, patterns, or mental models","contentHints":"Open with a concise definition, then expand with context, related concepts, and examples. Use headings to separate Definition, How It Works, and When To Use sections."}', 1, 0, '2026-03-27T01:23:03.025Z', '2026-03-27T01:23:03.025Z');
INSERT OR IGNORE INTO `type_actions` (`id`, `type_id`, `label`, `sort_order`, `created_at`) VALUES ('6acd58d1-016c-4dd0-8f90-8c9c9d06a003', 'c8c19c9f-d79c-4c61-86c1-a85b61025ecd', 'Accurate', 0, '2026-03-27T01:23:03.025Z');
INSERT OR IGNORE INTO `type_actions` (`id`, `type_id`, `label`, `sort_order`, `created_at`) VALUES ('93d4ba3c-34c6-4d3a-8e16-3a393621513d', 'c8c19c9f-d79c-4c61-86c1-a85b61025ecd', 'Outdated', 1, '2026-03-27T01:23:03.025Z');
INSERT OR IGNORE INTO `type_actions` (`id`, `type_id`, `label`, `sort_order`, `created_at`) VALUES ('e930f615-b6da-4cac-85a2-276d74145a17', 'c8c19c9f-d79c-4c61-86c1-a85b61025ecd', 'Needs Revision', 2, '2026-03-27T01:23:03.025Z');
INSERT OR IGNORE INTO `type_actions` (`id`, `type_id`, `label`, `sort_order`, `created_at`) VALUES ('1fd9a4d4-cd98-43dd-84cf-9e6c59af5b1f', 'c8c19c9f-d79c-4c61-86c1-a85b61025ecd', 'Superseded', 3, '2026-03-27T01:23:03.025Z');
INSERT OR IGNORE INTO `item_types` (`id`, `name`, `description`, `color`, `icon`, `guidance`, `is_system`, `sort_order`, `created_at`, `updated_at`) VALUES ('44712533-8236-4037-86ac-d45d8176075b', 'How-To Guide', 'Step-by-step instructions for a specific task', '#3B82F6', '📝', '{"pattern":"How to [accomplish specific task] + [context or scope]","example":"How to configure CORS headers in Cloudflare Workers","whenToUse":"Use for task-oriented instructions that walk through a specific workflow","contentHints":"Start with prerequisites, then use numbered steps. Include code blocks for commands and expected output. End with verification steps and troubleshooting tips."}', 1, 1, '2026-03-27T01:23:03.025Z', '2026-03-27T01:23:03.025Z');
INSERT OR IGNORE INTO `type_actions` (`id`, `type_id`, `label`, `sort_order`, `created_at`) VALUES ('613d83d9-e074-4fcb-8444-f3f6b015ca5b', '44712533-8236-4037-86ac-d45d8176075b', 'Verified', 0, '2026-03-27T01:23:03.025Z');
INSERT OR IGNORE INTO `type_actions` (`id`, `type_id`, `label`, `sort_order`, `created_at`) VALUES ('84d118cc-4d2d-49ea-83e9-8e1eefca688a', '44712533-8236-4037-86ac-d45d8176075b', 'Broken', 1, '2026-03-27T01:23:03.025Z');
INSERT OR IGNORE INTO `type_actions` (`id`, `type_id`, `label`, `sort_order`, `created_at`) VALUES ('a33a4b65-cba2-4f27-867b-dcc86ac67ea4', '44712533-8236-4037-86ac-d45d8176075b', 'Needs Update', 2, '2026-03-27T01:23:03.025Z');
INSERT OR IGNORE INTO `type_actions` (`id`, `type_id`, `label`, `sort_order`, `created_at`) VALUES ('49e33202-b4c4-43e3-82c0-1c1734b877ef', '44712533-8236-4037-86ac-d45d8176075b', 'Deprecated', 3, '2026-03-27T01:23:03.025Z');
INSERT OR IGNORE INTO `item_types` (`id`, `name`, `description`, `color`, `icon`, `guidance`, `is_system`, `sort_order`, `created_at`, `updated_at`) VALUES ('b23035c2-8bee-43de-84be-1415eb0f933a', 'Reference', 'Technical specification or API documentation', '#10B981', '📖', '{"pattern":"[Component/API name] — [scope of reference]","example":"Drizzle ORM — Column type reference for SQLite","whenToUse":"Use for lookup-oriented content: API surfaces, config options, type definitions","contentHints":"Use tables for parameters, options, and return types. Group related items under headings. Include code examples for each entry. Keep descriptions terse — this is a reference, not a tutorial."}', 1, 2, '2026-03-27T01:23:03.025Z', '2026-03-27T01:23:03.025Z');
INSERT OR IGNORE INTO `type_actions` (`id`, `type_id`, `label`, `sort_order`, `created_at`) VALUES ('f4df2f2c-510b-4aea-8f1c-4f8a00ecc7e7', 'b23035c2-8bee-43de-84be-1415eb0f933a', 'Current', 0, '2026-03-27T01:23:03.025Z');
INSERT OR IGNORE INTO `type_actions` (`id`, `type_id`, `label`, `sort_order`, `created_at`) VALUES ('af10ca16-88d0-411d-82e3-2c27c1817c68', 'b23035c2-8bee-43de-84be-1415eb0f933a', 'Outdated', 1, '2026-03-27T01:23:03.025Z');
INSERT OR IGNORE INTO `type_actions` (`id`, `type_id`, `label`, `sort_order`, `created_at`) VALUES ('a9b25b02-6b30-4f75-8cd4-fe17831be1ea', 'b23035c2-8bee-43de-84be-1415eb0f933a', 'Incomplete', 2, '2026-03-27T01:23:03.025Z');
INSERT OR IGNORE INTO `type_actions` (`id`, `type_id`, `label`, `sort_order`, `created_at`) VALUES ('24792d98-1169-4497-8232-f5076c04d801', 'b23035c2-8bee-43de-84be-1415eb0f933a', 'Deprecated', 3, '2026-03-27T01:23:03.025Z');
INSERT OR IGNORE INTO `item_types` (`id`, `name`, `description`, `color`, `icon`, `guidance`, `is_system`, `sort_order`, `created_at`, `updated_at`) VALUES ('28cbacf3-1f84-4271-8f9b-7f04699e78e3', 'FAQ', 'Frequently asked questions with answers', '#F59E0B', '❓', '{"pattern":"[Topic area] — Frequently Asked Questions","example":"Authentication — Frequently Asked Questions","whenToUse":"Use for collections of common questions and their answers within a topic","contentHints":"Use headings for each question (## Question). Keep answers direct — lead with the answer, then provide context. Link to related articles for deeper explanations."}', 1, 3, '2026-03-27T01:23:03.025Z', '2026-03-27T01:23:03.025Z');
INSERT OR IGNORE INTO `type_actions` (`id`, `type_id`, `label`, `sort_order`, `created_at`) VALUES ('8ef1eef1-3ad5-4a1e-834c-76a812065d3d', '28cbacf3-1f84-4271-8f9b-7f04699e78e3', 'Helpful', 0, '2026-03-27T01:23:03.025Z');
INSERT OR IGNORE INTO `type_actions` (`id`, `type_id`, `label`, `sort_order`, `created_at`) VALUES ('89aa83e5-7d01-450a-82a3-09beee70ac47', '28cbacf3-1f84-4271-8f9b-7f04699e78e3', 'Unclear', 1, '2026-03-27T01:23:03.025Z');
INSERT OR IGNORE INTO `type_actions` (`id`, `type_id`, `label`, `sort_order`, `created_at`) VALUES ('7969eb57-c195-45bb-84f1-580682fab138', '28cbacf3-1f84-4271-8f9b-7f04699e78e3', 'Needs More Questions', 2, '2026-03-27T01:23:03.025Z');
INSERT OR IGNORE INTO `item_types` (`id`, `name`, `description`, `color`, `icon`, `guidance`, `is_system`, `sort_order`, `created_at`, `updated_at`) VALUES ('2648d350-6ec3-45b0-8114-734c7c17ae65', 'Glossary Entry', 'Definition of a specific term', '#EC4899', '🔤', '{"pattern":"[Term]: [Brief definition]","example":"Idempotency: An operation that produces the same result when applied multiple times","whenToUse":"Use for defining domain-specific terms, acronyms, or jargon","contentHints":"Lead with a one-sentence definition. Follow with usage context, related terms, and examples showing the term in practice. Keep it concise — link to concept articles for depth."}', 1, 4, '2026-03-27T01:23:03.025Z', '2026-03-27T01:23:03.025Z');
INSERT OR IGNORE INTO `type_actions` (`id`, `type_id`, `label`, `sort_order`, `created_at`) VALUES ('00d734e7-664b-4645-8d93-001fcd5ca5b8', '2648d350-6ec3-45b0-8114-734c7c17ae65', 'Accurate', 0, '2026-03-27T01:23:03.025Z');
INSERT OR IGNORE INTO `type_actions` (`id`, `type_id`, `label`, `sort_order`, `created_at`) VALUES ('1d5c0b61-b91c-4377-83ff-8e9305b59ca9', '2648d350-6ec3-45b0-8114-734c7c17ae65', 'Misleading', 1, '2026-03-27T01:23:03.025Z');
INSERT OR IGNORE INTO `type_actions` (`id`, `type_id`, `label`, `sort_order`, `created_at`) VALUES ('c44c4890-05f4-40bf-87c6-18803b95b3f3', '2648d350-6ec3-45b0-8114-734c7c17ae65', 'Too Broad', 2, '2026-03-27T01:23:03.025Z');

-- Sections (wiki)
INSERT OR IGNORE INTO `workspaces` (`id`, `name`, `description`, `visibility`, `is_default`, `created_at`, `updated_at`) VALUES ('2a630f87-ff7c-4cc3-86d7-76054d37a6a9', 'Getting Started', 'Onboarding and introductory articles', 'public', 1, '2026-03-27T01:23:03.025Z', '2026-03-27T01:23:03.025Z');
INSERT OR IGNORE INTO `workspaces` (`id`, `name`, `description`, `visibility`, `is_default`, `created_at`, `updated_at`) VALUES ('a469657f-9a58-40c7-8b32-cf8e6d3caec3', 'Architecture', 'System design and architectural decisions', 'public', 0, '2026-03-27T01:23:03.025Z', '2026-03-27T01:23:03.025Z');
INSERT OR IGNORE INTO `workspaces` (`id`, `name`, `description`, `visibility`, `is_default`, `created_at`, `updated_at`) VALUES ('d580d45a-c185-4430-8afc-bc6e39479d57', 'API Reference', 'Endpoints, types, and configuration', 'public', 0, '2026-03-27T01:23:03.025Z', '2026-03-27T01:23:03.025Z');
INSERT OR IGNORE INTO `workspaces` (`id`, `name`, `description`, `visibility`, `is_default`, `created_at`, `updated_at`) VALUES ('f2c8b929-c7ef-4986-817c-d7a05ef60e0c', 'Troubleshooting', 'Common issues and their solutions', 'public', 0, '2026-03-27T01:23:03.025Z', '2026-03-27T01:23:03.025Z');
INSERT OR IGNORE INTO `workspaces` (`id`, `name`, `description`, `visibility`, `is_default`, `created_at`, `updated_at`) VALUES ('0e0c5d3d-e57c-40a6-821a-aa5de3c9ec17', 'Contributing', 'Guidelines for contributors', 'public', 0, '2026-03-27T01:23:03.025Z', '2026-03-27T01:23:03.025Z');

-- wiki-specific settings
INSERT OR IGNORE INTO `settings` (`key`, `value`, `updated_at`) VALUES ('source_title', 'My Knowledge Base', datetime('now'));
INSERT OR IGNORE INTO `settings` (`key`, `value`, `updated_at`) VALUES ('source_description', 'Structured documentation and reference articles', datetime('now'));
INSERT OR IGNORE INTO `settings` (`key`, `value`, `updated_at`) VALUES ('quality_guidelines', '{"keySummary":{"tips":"Write a descriptive title that helps readers find this article. Follow the topic-specific pattern from guidance. Example: \"How to set up CI/CD with GitHub Actions\""},"content":{"tips":"Write for someone encountering this topic for the first time. Use headings to create scannable structure. Link to related articles where relevant."},"formatting":["Headings: create a navigable hierarchy (H2 for sections, H3 for subsections)","Code blocks: commands, config snippets, API examples with language tags","Tables: parameters, options, comparisons, specifications","Numbered lists: sequential steps or procedures","Bullet lists: related items, feature lists, prerequisites","Callouts: important warnings, tips, or notes (use blockquotes)"],"avoid":["Ambiguous titles that do not indicate content scope","Missing prerequisites or assumed context","Undated references to \"current\" versions","Duplicate content — link to existing articles instead"]}', datetime('now'));
INSERT OR IGNORE INTO `settings` (`key`, `value`, `updated_at`) VALUES ('validation_limits', '{"keySummary":{"min":10,"max":200},"content":{"min":100,"max":30000},"sourceAi":{"min":1,"max":100}}', datetime('now'));

-- Site actions (wiki)
INSERT OR IGNORE INTO `site_actions` (`id`, `name`, `slug`, `description`, `fields`, `settings`, `status`, `created_at`, `updated_at`) VALUES ('7907e981-29b5-427e-8376-fcedd4114522', 'Suggest Edit', 'suggest-edit', 'Suggest an improvement to an article', '[{"name":"name","type":"text","label":"Name","required":true,"placeholder":"Your name","maxLength":100},{"name":"email","type":"email","label":"Email","required":true,"placeholder":"you@example.com"},{"name":"article_url","type":"url","label":"Article URL","required":false,"placeholder":"https://...","maxLength":500},{"name":"suggestion","type":"textarea","label":"Suggested Edit","required":true,"placeholder":"Describe the change you''d suggest...","maxLength":2000}]', '{"success_message":"Thanks for the suggestion! We''ll review it and update the article if appropriate.","require_honeypot":true}', 'active', '2026-03-27T01:23:03.025Z', '2026-03-27T01:23:03.025Z');
INSERT OR IGNORE INTO `site_actions` (`id`, `name`, `slug`, `description`, `fields`, `settings`, `status`, `created_at`, `updated_at`) VALUES ('a4b3b350-2b94-4580-87a3-cb9cddc32679', 'Report Issue', 'report-issue', 'Report an issue with the knowledge base', '[{"name":"name","type":"text","label":"Name","required":true,"placeholder":"Your name","maxLength":100},{"name":"email","type":"email","label":"Email","required":true,"placeholder":"you@example.com"},{"name":"issue_type","type":"select","label":"Issue Type","required":true,"options":["Outdated Information","Incorrect Content","Broken Link","Missing Topic","Other"]},{"name":"details","type":"textarea","label":"Details","required":true,"placeholder":"Describe the issue...","maxLength":2000}]', '{"success_message":"Issue reported! We''ll investigate and make corrections as needed.","require_honeypot":true}', 'active', '2026-03-27T01:23:03.025Z', '2026-03-27T01:23:03.025Z');
